ASN|ORG|COUNTRY|IP
0|-Reserved AS-|ZZ|216.115.212.254
0|-Reserved AS-|ZZ|67.217.66.65
0|-Reserved AS-|ZZ|216.137.33.57
0|-Reserved AS-|ZZ|91.190.218.55
0|-Reserved AS-|ZZ|172.16.125.220
0|-Reserved AS-|ZZ|174.35.22.77
0|-Reserved AS-|ZZ|64.12.239.201
0|-Reserved AS-|ZZ|205.188.93.194
0|-Reserved AS-|ZZ|172.16.133.22
0|-Reserved AS-|ZZ|172.16.133.21
0|-Reserved AS-|ZZ|172.16.133.37
0|-Reserved AS-|ZZ|172.16.128.203
0|-Reserved AS-|ZZ|172.16.133.76
0|-Reserved AS-|ZZ|172.16.133.44
0|-Reserved AS-|ZZ|208.71.125.72
0|-Reserved AS-|ZZ|172.16.128.202
0|-Reserved AS-|ZZ|64.12.249.201
0|-Reserved AS-|ZZ|172.16.131.10
0|-Reserved AS-|ZZ|208.71.125.131
0|-Reserved AS-|ZZ|172.16.133.12
0|-Reserved AS-|ZZ|172.16.133.82
0|-Reserved AS-|ZZ|172.16.133.73
0|-Reserved AS-|ZZ|205.210.187.119
0|-Reserved AS-|ZZ|192.168.2.10
0|-Reserved AS-|ZZ|216.10.195.152
0|-Reserved AS-|ZZ|216.137.33.45
0|-Reserved AS-|ZZ|216.137.33.49
0|-Reserved AS-|ZZ|172.16.133.30
0|-Reserved AS-|ZZ|172.16.133.114
0|-Reserved AS-|ZZ|216.137.33.241
0|-Reserved AS-|ZZ|172.16.139.249
0|-Reserved AS-|ZZ|174.35.22.43
0|-Reserved AS-|ZZ|173.243.52.185
0|-Reserved AS-|ZZ|172.16.133.38
0|-Reserved AS-|ZZ|172.16.133.235
0|-Reserved AS-|ZZ|67.217.66.99
0|-Reserved AS-|ZZ|172.16.133.67
0|-Reserved AS-|ZZ|172.16.133.26
0|-Reserved AS-|ZZ|24.238.106.59
0|-Reserved AS-|ZZ|173.241.242.7
0|-Reserved AS-|ZZ|74.121.142.248
0|-Reserved AS-|ZZ|208.85.44.22
0|-Reserved AS-|ZZ|69.2.103.57
0|-Reserved AS-|ZZ|172.16.133.252
0|-Reserved AS-|ZZ|205.210.187.172
0|-Reserved AS-|ZZ|91.103.138.13
0|-Reserved AS-|ZZ|74.122.143.72
0|-Reserved AS-|ZZ|173.241.242.187
0|-Reserved AS-|ZZ|205.210.187.135
0|-Reserved AS-|ZZ|172.16.133.25
0|-Reserved AS-|ZZ|216.219.112.250
0|-Reserved AS-|ZZ|69.172.216.156
0|-Reserved AS-|ZZ|174.35.22.39
0|-Reserved AS-|ZZ|172.16.133.234
0|-Reserved AS-|ZZ|172.16.133.54
0|-Reserved AS-|ZZ|199.48.204.30
0|-Reserved AS-|ZZ|172.16.133.91
0|-Reserved AS-|ZZ|64.12.96.147
0|-Reserved AS-|ZZ|172.16.133.255
0|-Reserved AS-|ZZ|172.16.133.56
0|-Reserved AS-|ZZ|172.16.128.234
0|-Reserved AS-|ZZ|172.16.133.46
0|-Reserved AS-|ZZ|98.137.201.232
0|-Reserved AS-|ZZ|172.16.133.163
0|-Reserved AS-|ZZ|174.35.22.85
0|-Reserved AS-|ZZ|216.115.209.254
0|-Reserved AS-|ZZ|208.85.44.31
0|-Reserved AS-|ZZ|208.71.125.1
0|-Reserved AS-|ZZ|172.16.133.68
0|-Reserved AS-|ZZ|108.13.7.222
0|-Reserved AS-|ZZ|216.115.209.97
0|-Reserved AS-|ZZ|216.137.33.73
0|-Reserved AS-|ZZ|172.16.133.119
0|-Reserved AS-|ZZ|172.16.133.40
0|-Reserved AS-|ZZ|172.16.133.153
0|-Reserved AS-|ZZ|216.137.33.157
0|-Reserved AS-|ZZ|172.16.139.251
0|-Reserved AS-|ZZ|74.122.143.24
0|-Reserved AS-|ZZ|172.16.133.14
0|-Reserved AS-|ZZ|172.16.133.29
0|-Reserved AS-|ZZ|193.182.8.38
0|-Reserved AS-|ZZ|172.16.133.58
0|-Reserved AS-|ZZ|108.13.146.190
0|-Reserved AS-|ZZ|172.16.133.36
0|-Reserved AS-|ZZ|172.16.133.55
0|-Reserved AS-|ZZ|172.16.133.6
0|-Reserved AS-|ZZ|202.173.27.250
0|-Reserved AS-|ZZ|172.16.133.233
0|-Reserved AS-|ZZ|172.16.133.47
0|-Reserved AS-|ZZ|172.16.133.66
0|-Reserved AS-|ZZ|172.16.133.121
0|-Reserved AS-|ZZ|205.188.201.137
0|-Reserved AS-|ZZ|172.16.133.41
0|-Reserved AS-|ZZ|172.16.133.128
0|-Reserved AS-|ZZ|172.16.133.122
0|-Reserved AS-|ZZ|74.121.142.246
0|-Reserved AS-|ZZ|0.0.0.0
0|-Reserved AS-|ZZ|66.114.52.25
0|-Reserved AS-|ZZ|216.137.33.81
0|-Reserved AS-|ZZ|172.16.133.48
0|-Reserved AS-|ZZ|172.16.133.84
0|-Reserved AS-|ZZ|205.210.187.222
0|-Reserved AS-|ZZ|180.149.15.124
0|-Reserved AS-|ZZ|172.16.133.78
0|-Reserved AS-|ZZ|172.16.128.233
0|-Reserved AS-|ZZ|172.16.133.126
0|-Reserved AS-|ZZ|74.122.143.73
0|-Reserved AS-|ZZ|64.236.116.15
0|-Reserved AS-|ZZ|206.190.57.60
0|-Reserved AS-|ZZ|172.16.133.99
0|-Reserved AS-|ZZ|172.16.128.201
0|-Reserved AS-|ZZ|172.16.133.93
0|-Reserved AS-|ZZ|172.16.133.11
0|-Reserved AS-|ZZ|172.16.133.132
0|-Reserved AS-|ZZ|216.219.113.250
0|-Reserved AS-|ZZ|172.16.133.34
0|-Reserved AS-|ZZ|149.174.149.39
0|-Reserved AS-|ZZ|98.139.51.132
0|-Reserved AS-|ZZ|172.16.133.113
0|-Reserved AS-|ZZ|193.182.8.75
0|-Reserved AS-|ZZ|172.16.139.253
0|-Reserved AS-|ZZ|67.217.66.54
0|-Reserved AS-|ZZ|71.189.11.25
0|-Reserved AS-|ZZ|74.117.199.102
0|-Reserved AS-|ZZ|208.71.125.135
0|-Reserved AS-|ZZ|66.114.52.21
0|-Reserved AS-|ZZ|216.115.219.126
0|-Reserved AS-|ZZ|209.34.90.75
0|-Reserved AS-|ZZ|167.8.226.13
0|-Reserved AS-|ZZ|172.16.133.16
0|-Reserved AS-|ZZ|208.85.44.32
0|-Reserved AS-|ZZ|193.182.8.55
0|-Reserved AS-|ZZ|174.35.22.75
0|-Reserved AS-|ZZ|173.241.242.153
0|-Reserved AS-|ZZ|172.16.133.116
0|-Reserved AS-|ZZ|172.16.133.52
0|-Reserved AS-|ZZ|67.217.66.244
0|-Reserved AS-|ZZ|172.16.133.184
0|-Reserved AS-|ZZ|216.137.33.233
0|-Reserved AS-|ZZ|172.16.128.105
0|-Reserved AS-|ZZ|224.0.0.251
0|-Reserved AS-|ZZ|172.16.128.15
0|-Reserved AS-|ZZ|205.188.2.206
0|-Reserved AS-|ZZ|205.210.187.180
0|-Reserved AS-|ZZ|172.16.133.10
0|-Reserved AS-|ZZ|239.255.255.253
0|-Reserved AS-|ZZ|216.137.33.117
0|-Reserved AS-|ZZ|172.16.133.1
0|-Reserved AS-|ZZ|91.190.218.58
0|-Reserved AS-|ZZ|208.81.234.106
0|-Reserved AS-|ZZ|208.71.125.129
0|-Reserved AS-|ZZ|174.35.22.19
0|-Reserved AS-|ZZ|216.137.33.1
0|-Reserved AS-|ZZ|193.182.8.24
0|-Reserved AS-|ZZ|64.236.116.3
0|-Reserved AS-|ZZ|216.137.33.37
0|-Reserved AS-|ZZ|172.16.133.72
0|-Reserved AS-|ZZ|205.210.187.216
0|-Reserved AS-|ZZ|172.16.133.63
0|-Reserved AS-|ZZ|172.16.133.247
0|-Reserved AS-|ZZ|69.89.93.5
0|-Reserved AS-|ZZ|172.16.124.85
0|-Reserved AS-|ZZ|15.192.136.170
0|-Reserved AS-|ZZ|239.255.255.250
0|-Reserved AS-|ZZ|172.16.133.115
0|-Reserved AS-|ZZ|172.16.133.242
0|-Reserved AS-|ZZ|216.137.33.141
0|-Reserved AS-|ZZ|192.168.1.8
0|-Reserved AS-|ZZ|174.35.24.67
0|-Reserved AS-|ZZ|216.137.33.161
0|-Reserved AS-|ZZ|172.16.133.248
0|-Reserved AS-|ZZ|172.16.133.110
0|-Reserved AS-|ZZ|193.182.8.52
0|-Reserved AS-|ZZ|74.120.148.2
0|-Reserved AS-|ZZ|224.0.0.252
0|-Reserved AS-|ZZ|172.16.133.42
0|-Reserved AS-|ZZ|216.137.33.209
0|-Reserved AS-|ZZ|74.120.148.5
0|-Reserved AS-|ZZ|74.122.143.12
0|-Reserved AS-|ZZ|67.217.66.49
0|-Reserved AS-|ZZ|91.190.216.56
0|-Reserved AS-|ZZ|172.16.133.120
0|-Reserved AS-|ZZ|172.16.139.250
0|-Reserved AS-|ZZ|216.115.220.254
0|-Reserved AS-|ZZ|172.16.133.13
0|-Reserved AS-|ZZ|172.16.133.17
0|-Reserved AS-|ZZ|172.16.133.35
0|-Reserved AS-|ZZ|202.173.28.250
0|-Reserved AS-|ZZ|216.137.33.133
0|-Reserved AS-|ZZ|172.16.133.232
0|-Reserved AS-|ZZ|172.16.133.50
0|-Reserved AS-|ZZ|172.16.133.75
0|-Reserved AS-|ZZ|91.190.218.65
0|-Reserved AS-|ZZ|167.8.226.9
0|-Reserved AS-|ZZ|172.16.133.39
0|-Reserved AS-|ZZ|172.16.133.53
0|-Reserved AS-|ZZ|64.236.101.12
0|-Reserved AS-|ZZ|172.16.133.207
0|-Reserved AS-|ZZ|208.71.125.69
0|-Reserved AS-|ZZ|172.16.133.118
0|-Reserved AS-|ZZ|172.16.133.83
0|-Reserved AS-|ZZ|76.92.112.222
0|-Reserved AS-|ZZ|192.168.1.255
0|-Reserved AS-|ZZ|239.192.83.80
0|-Reserved AS-|ZZ|208.93.140.140
0|-Reserved AS-|ZZ|172.16.133.15
0|-Reserved AS-|ZZ|192.150.16.64
0|-Reserved AS-|ZZ|172.16.133.81
0|-Reserved AS-|ZZ|172.16.139.241
0|-Reserved AS-|ZZ|172.16.133.57
0|-Reserved AS-|ZZ|172.16.133.237
0|-Reserved AS-|ZZ|172.16.133.254
0|-Reserved AS-|ZZ|172.16.133.112
0|-Reserved AS-|ZZ|172.16.133.18
0|-Reserved AS-|ZZ|172.16.133.20
0|-Reserved AS-|ZZ|172.16.133.96
0|-Reserved AS-|ZZ|172.16.133.90
0|-Reserved AS-|ZZ|71.252.224.198
0|-Reserved AS-|ZZ|173.241.242.12
0|-Reserved AS-|ZZ|193.182.8.51
0|-Reserved AS-|ZZ|199.7.54.72
0|-Reserved AS-|ZZ|216.219.118.244
0|-Reserved AS-|ZZ|172.16.133.51
0|-Reserved AS-|ZZ|172.16.133.92
0|-Reserved AS-|ZZ|74.113.233.133
0|-Reserved AS-|ZZ|208.91.175.36
0|-Reserved AS-|ZZ|76.13.234.33
0|-Reserved AS-|ZZ|172.16.133.97
0|-Reserved AS-|ZZ|172.16.133.28
0|-Reserved AS-|ZZ|172.16.133.87
0|-Reserved AS-|ZZ|172.16.133.103
0|-Reserved AS-|ZZ|172.16.133.27
0|-Reserved AS-|ZZ|216.137.33.105
0|-Reserved AS-|ZZ|172.16.133.49
0|-Reserved AS-|ZZ|255.255.255.255
0|-Reserved AS-|ZZ|172.16.133.24
0|-Reserved AS-|ZZ|172.16.133.45
0|-Reserved AS-|ZZ|91.190.216.53
0|-Reserved AS-|ZZ|216.137.33.221
0|-Reserved AS-|ZZ|216.137.33.109
0|-Reserved AS-|ZZ|172.16.133.85
0|-Reserved AS-|ZZ|63.140.35.28
0|-Reserved AS-|ZZ|98.139.50.175
0|-Reserved AS-|ZZ|192.168.1.5
0|-Reserved AS-|ZZ|172.16.133.43
0|-Reserved AS-|ZZ|205.188.9.102
0|-Reserved AS-|ZZ|172.16.133.88
0|-Reserved AS-|ZZ|174.35.22.147
0|-Reserved AS-|ZZ|172.16.133.89
0|-Reserved AS-|ZZ|64.12.152.13
0|-Reserved AS-|ZZ|206.190.56.191
0|-Reserved AS-|ZZ|172.16.139.247
0|-Reserved AS-|ZZ|206.190.56.190
0|-Reserved AS-|ZZ|199.30.80.32
0|-Reserved AS-|ZZ|172.16.128.169
0|-Reserved AS-|ZZ|172.16.133.33
0|-Reserved AS-|ZZ|172.16.133.69
0|-Reserved AS-|ZZ|172.16.133.71
0|-Reserved AS-|ZZ|64.12.96.244
0|-Reserved AS-|ZZ|172.16.133.60
0|-Reserved AS-|ZZ|172.16.133.109
0|-Reserved AS-|ZZ|64.236.116.18
0|-Reserved AS-|ZZ|172.16.133.19
0|-Reserved AS-|ZZ|91.190.216.62
0|-Reserved AS-|ZZ|172.16.133.101
0|-Reserved AS-|ZZ|172.16.133.23
0|-Reserved AS-|ZZ|172.16.133.4
0|-Reserved AS-|ZZ|172.16.133.95
73|WASHINGTON-AS|US|128.208.92.167
81|NCREN|US|204.85.83.100
92|CLARKSON-AS|US|128.153.206.97
103|NWU-AS|US|165.124.181.58
156|NORTHEASTERN-GW-AS|US|129.10.139.136
174|COGENT-174|US|38.124.22.82
174|COGENT-174|US|38.100.166.70
174|COGENT-174|US|38.122.145.250
174|COGENT-174|US|38.97.103.136
174|COGENT-174|US|38.70.64.178
209|CENTURYLINK-US-LEGACY-QWEST|US|208.47.254.75
209|CENTURYLINK-US-LEGACY-QWEST|US|208.47.254.8
209|CENTURYLINK-US-LEGACY-QWEST|US|208.47.254.58
209|CENTURYLINK-US-LEGACY-QWEST|US|208.47.254.80
209|CENTURYLINK-US-LEGACY-QWEST|US|208.47.254.90
209|CENTURYLINK-US-LEGACY-QWEST|US|208.47.254.50
209|CENTURYLINK-US-LEGACY-QWEST|US|208.44.23.50
209|CENTURYLINK-US-LEGACY-QWEST|US|76.1.227.84
209|CENTURYLINK-US-LEGACY-QWEST|US|208.47.254.24
209|CENTURYLINK-US-LEGACY-QWEST|US|208.47.254.35
209|CENTURYLINK-US-LEGACY-QWEST|US|72.164.194.2
209|CENTURYLINK-US-LEGACY-QWEST|US|208.47.254.42
209|CENTURYLINK-US-LEGACY-QWEST|US|208.47.254.88
209|CENTURYLINK-US-LEGACY-QWEST|US|63.146.126.10
209|CENTURYLINK-US-LEGACY-QWEST|US|208.47.254.81
209|CENTURYLINK-US-LEGACY-QWEST|US|208.47.254.49
209|CENTURYLINK-US-LEGACY-QWEST|US|63.147.189.115
209|CENTURYLINK-US-LEGACY-QWEST|US|208.47.254.27
209|CENTURYLINK-US-LEGACY-QWEST|US|208.47.254.83
209|CENTURYLINK-US-LEGACY-QWEST|US|208.47.254.57
209|CENTURYLINK-US-LEGACY-QWEST|US|208.44.23.162
209|CENTURYLINK-US-LEGACY-QWEST|US|184.96.221.120
209|CENTURYLINK-US-LEGACY-QWEST|US|208.44.23.59
209|CENTURYLINK-US-LEGACY-QWEST|US|208.47.254.82
209|CENTURYLINK-US-LEGACY-QWEST|US|208.47.254.66
209|CENTURYLINK-US-LEGACY-QWEST|US|208.47.254.56
209|CENTURYLINK-US-LEGACY-QWEST|US|208.47.254.25
209|CENTURYLINK-US-LEGACY-QWEST|US|208.47.254.10
209|CENTURYLINK-US-LEGACY-QWEST|US|208.47.254.64
209|CENTURYLINK-US-LEGACY-QWEST|US|66.77.124.68
209|CENTURYLINK-US-LEGACY-QWEST|US|208.47.254.67
209|CENTURYLINK-US-LEGACY-QWEST|US|208.47.254.89
209|CENTURYLINK-US-LEGACY-QWEST|US|208.47.254.34
209|CENTURYLINK-US-LEGACY-QWEST|US|208.47.254.73
209|CENTURYLINK-US-LEGACY-QWEST|US|208.47.254.26
209|CENTURYLINK-US-LEGACY-QWEST|US|208.47.254.32
209|CENTURYLINK-US-LEGACY-QWEST|US|208.47.254.9
237|MERIT-AS-14|US|35.40.143.166
237|MERIT-AS-14|US|35.24.119.169
577|BACOM|CA|67.69.196.147
577|BACOM|CA|67.69.196.59
577|BACOM|CA|67.69.174.32
577|BACOM|CA|67.69.174.24
577|BACOM|CA|67.69.196.48
577|BACOM|CA|67.69.174.129
577|BACOM|CA|67.69.174.113
577|BACOM|CA|67.69.196.152
577|BACOM|CA|67.69.174.131
577|BACOM|CA|67.69.174.11
577|BACOM|CA|67.69.174.25
577|BACOM|CA|67.69.174.115
577|BACOM|CA|67.69.196.40
577|BACOM|CA|67.69.174.137
577|BACOM|CA|67.69.174.123
577|BACOM|CA|67.69.174.130
577|BACOM|CA|67.69.196.212
577|BACOM|CA|67.69.196.33
577|BACOM|CA|67.69.174.9
577|BACOM|CA|67.69.174.114
577|BACOM|CA|184.84.36.46
577|BACOM|CA|67.69.196.176
577|BACOM|CA|67.69.196.41
577|BACOM|CA|67.69.174.18
577|BACOM|CA|67.69.196.139
577|BACOM|CA|67.69.174.136
577|BACOM|CA|67.69.174.122
577|BACOM|CA|67.69.174.17
577|BACOM|CA|184.84.43.32
577|BACOM|CA|67.69.196.153
577|BACOM|CA|67.69.196.24
577|BACOM|CA|67.69.196.66
577|BACOM|CA|67.69.199.118
577|BACOM|CA|67.69.174.8
577|BACOM|CA|67.69.196.155
577|BACOM|CA|67.69.174.138
701|UUNET|US|173.70.53.92
701|UUNET|US|173.49.112.206
701|UUNET|US|63.116.244.154
701|UUNET|US|173.67.229.116
701|UUNET|US|63.116.244.145
701|UUNET|US|63.85.36.24
701|UUNET|US|108.32.188.171
701|UUNET|US|63.84.95.66
701|UUNET|US|63.116.244.160
701|UUNET|US|63.116.244.155
701|UUNET|US|63.116.244.81
701|UUNET|US|98.113.167.114
701|UUNET|US|108.28.150.190
701|UUNET|US|173.59.1.130
701|UUNET|US|63.116.244.139
701|UUNET|US|63.116.244.162
701|UUNET|US|63.116.244.83
701|UUNET|US|63.116.244.131
701|UUNET|US|63.116.244.89
701|UUNET|US|63.116.244.144
701|UUNET|US|173.62.112.151
701|UUNET|US|63.116.244.80
701|UUNET|US|63.116.244.170
701|UUNET|US|63.97.94.126
701|UUNET|US|72.80.185.137
701|UUNET|US|63.116.244.130
701|UUNET|US|98.113.186.78
701|UUNET|US|63.116.244.153
701|UUNET|US|71.126.171.148
701|UUNET|US|74.101.38.221
701|UUNET|US|63.116.244.114
701|UUNET|US|173.61.73.122
701|UUNET|US|96.242.17.13
714|APPLE-ENGINEERING|US|17.164.0.36
714|APPLE-ENGINEERING|US|17.164.0.8
714|APPLE-ENGINEERING|US|17.172.192.78
714|APPLE-ENGINEERING|US|17.171.4.36
1249|FIVE-COLLEGES-AS|US|128.119.195.145
1257|TELE2|EU|193.13.103.144
1312|VA-TECH-AS|US|198.82.205.114
1312|VA-TECH-AS|US|198.82.107.217
1422|MEDIA6-ASN|US|204.2.197.201
1422|MEDIA6-ASN|US|38.126.130.199
2044|IINET-2044|US|198.145.13.24
2110|AS-BTIRE BT Ireland was previously known as Esat Net, EUnet Ireland & IEUnet.|EU|193.120.199.14
2110|AS-BTIRE BT Ireland was previously known as Esat Net, EUnet Ireland & IEUnet.|EU|193.120.199.18
2129|HP-EUROPE-AS-TRADE|GB|168.87.1.242
2386|INS-AS|US|192.147.107.14
2386|INS-AS|US|192.147.107.13
2828|XO-AS15|US|67.152.103.227
2856|BT-UK-AS BTnet UK Regional network|GB|109.148.19.93
2856|BT-UK-AS BTnet UK Regional network|GB|86.162.66.33
2914|NTT-COMMUNICATIONS-2914|US|204.2.134.164
3257|GTT-BACKBONE GTT|DE|69.31.117.22
3257|GTT-BACKBONE GTT|DE|69.31.34.118
3257|GTT-BACKBONE GTT|DE|69.31.34.129
3356|LEVEL3|US|4.71.186.1
3356|LEVEL3|US|8.20.172.30
3356|LEVEL3|US|199.48.206.210
3356|LEVEL3|US|209.247.230.167
3356|LEVEL3|US|4.69.138.107
3356|LEVEL3|US|4.69.148.254
3356|LEVEL3|US|4.69.132.89
3356|LEVEL3|US|63.208.138.234
3356|LEVEL3|US|199.48.206.78
3356|LEVEL3|US|4.69.141.21
3356|LEVEL3|US|4.69.138.254
3356|LEVEL3|US|8.27.253.125
3356|LEVEL3|US|8.27.243.253
3356|LEVEL3|US|192.221.102.253
3356|LEVEL3|US|8.27.247.119
3356|LEVEL3|US|206.33.41.253
3356|LEVEL3|US|4.71.208.18
3356|LEVEL3|US|4.69.135.185
3356|LEVEL3|US|8.9.23.204
3356|LEVEL3|US|199.48.206.108
3356|LEVEL3|US|4.71.186.33
3356|LEVEL3|US|4.69.134.137
3356|LEVEL3|US|199.48.206.68
3356|LEVEL3|US|4.71.33.182
3356|LEVEL3|US|4.69.132.85
3356|LEVEL3|US|4.69.148.46
3356|LEVEL3|US|4.69.134.154
3356|LEVEL3|US|4.69.155.209
3356|LEVEL3|US|192.221.110.126
3356|LEVEL3|US|4.28.73.137
3356|LEVEL3|US|204.160.99.126
3356|LEVEL3|US|4.26.35.158
3356|LEVEL3|US|4.69.140.141
3356|LEVEL3|US|4.23.40.126
3356|LEVEL3|US|8.19.18.18
3356|LEVEL3|US|4.69.138.222
3549|LVLT-3549|US|168.215.63.101
3549|LVLT-3549|US|64.215.255.95
3549|LVLT-3549|US|64.215.255.57
3549|LVLT-3549|US|64.215.255.56
3549|LVLT-3549|US|206.165.250.99
3549|LVLT-3549|US|67.17.193.41
3549|LVLT-3549|US|64.215.255.88
3549|LVLT-3549|US|64.215.255.17
3549|LVLT-3549|US|64.215.255.94
3561|CENTURYLINK-LEGACY-SAVVIS|US|66.119.34.40
3561|CENTURYLINK-LEGACY-SAVVIS|US|64.56.203.22
3561|CENTURYLINK-LEGACY-SAVVIS|US|205.216.16.228
3561|CENTURYLINK-LEGACY-SAVVIS|US|66.35.252.234
3900|TEXASNET-ASN|US|209.99.98.33
3912|CHECS|US|68.71.212.152
4264|CERNET-ASN-BLOCK|US|12.130.81.225
4264|CERNET-ASN-BLOCK|US|12.130.81.228
4269|CERNET-ASN-BLOCK|US|63.241.108.124
4515|ERX-STAR HKT Limited|HK|113.28.52.78
4739|INTERNODE-AS Internode Pty Ltd|AU|203.214.65.251
4812|CHINANET-SH-AP China Telecom (Group)|CN|180.153.31.250
4812|CHINANET-SH-AP China Telecom (Group)|CN|180.153.30.250
5078|ONENET-AS-1|US|156.110.114.86
5539|SPACENET SpaceNET AG|DE|193.149.47.98
5539|SPACENET SpaceNET AG|DE|193.149.47.76
5650|FRONTIER-FRTR|US|216.38.172.159
5650|FRONTIER-FRTR|US|96.243.227.77
5650|FRONTIER-FRTR|US|96.226.88.52
5662|ASN-TBS-1|US|157.166.255.246
5662|ASN-TBS-1|US|157.166.255.245
5662|ASN-TBS-1|US|157.166.240.13
5662|ASN-TBS-1|US|157.166.226.108
5739|UCSC|US|169.233.51.66
6079|RCN-AS|US|207.237.204.87
6079|RCN-AS|US|209.6.55.79
6079|RCN-AS|US|209.94.144.19
6079|RCN-AS|US|207.237.194.246
6079|RCN-AS|US|207.38.140.238
6128|CABLE-NET-1|US|173.2.154.228
6128|CABLE-NET-1|US|68.198.245.116
6128|CABLE-NET-1|US|24.44.106.119
6128|CABLE-NET-1|US|69.120.250.50
6128|CABLE-NET-1|US|24.184.234.182
6130|AIS-WEST|US|209.112.253.15
6334|ASN-TSG|US|151.193.254.39
6336|TURN-US-ASN|US|50.116.194.21
6336|TURN-US-ASN|US|50.116.194.23
6336|TURN-US-ASN|US|50.116.194.24
6539|GT-BELL|CA|209.139.228.58
6539|GT-BELL|CA|66.38.255.10
6539|GT-BELL|CA|216.18.29.161
6539|GT-BELL|CA|66.59.190.194
6539|GT-BELL|CA|66.59.190.133
6641|SPORTSLINE|US|64.30.236.34
6641|SPORTSLINE|US|64.30.236.35
7018|ATT-INTERNET4|US|99.138.108.122
7018|ATT-INTERNET4|US|99.61.13.155
7029|WINDSTREAM|US|165.121.238.181
7045|WEATHER|US|96.8.82.144
7105|DOWJONES-AS|US|205.203.131.32
7105|DOWJONES-AS|US|205.203.132.1
7160|NETDYNAMICS|US|209.167.231.15
7334|WALLSTREET|US|209.234.235.129
7334|WALLSTREET|US|209.234.234.12
7342|VERISIGN-AS|US|199.7.51.231
7342|VERISIGN-AS|US|199.7.48.72
7342|VERISIGN-AS|US|199.7.52.72
7349|AS-TIERP-7349|US|216.27.91.218
7381|SRS-6-Z-7381|US|209.46.23.85
7385|ALLSTREAM|US|70.99.54.203
7922|COMCAST-7922|US|50.149.21.29
7922|COMCAST-7922|US|71.231.31.96
7922|COMCAST-7922|US|68.55.65.201
7922|COMCAST-7922|US|96.120.66.45
7922|COMCAST-7922|US|68.49.25.49
7922|COMCAST-7922|US|24.125.152.21
7922|COMCAST-7922|US|76.29.54.243
7922|COMCAST-7922|US|50.136.53.54
7922|COMCAST-7922|US|68.86.82.242
7922|COMCAST-7922|US|68.87.152.185
7922|COMCAST-7922|US|50.78.11.102
7922|COMCAST-7922|US|24.63.143.150
7922|COMCAST-7922|US|66.31.24.112
7922|COMCAST-7922|US|98.216.191.85
7922|COMCAST-7922|US|107.3.185.158
7922|COMCAST-7922|US|67.171.115.41
7922|COMCAST-7922|US|68.86.93.33
7922|COMCAST-7922|US|24.60.76.75
7922|COMCAST-7922|US|173.167.56.110
7922|COMCAST-7922|US|98.209.196.102
7922|COMCAST-7922|US|76.96.40.158
7922|COMCAST-7922|US|68.85.69.49
7922|COMCAST-7922|US|71.56.69.159
7922|COMCAST-7922|US|68.86.85.22
7922|COMCAST-7922|US|71.234.178.21
7922|COMCAST-7922|US|24.63.70.49
7922|COMCAST-7922|US|173.167.57.162
7922|COMCAST-7922|US|71.62.158.222
7922|COMCAST-7922|US|68.49.1.159
7922|COMCAST-7922|US|68.33.218.83
7922|COMCAST-7922|US|68.86.93.185
8025|BRIGHTOK-AS|US|66.103.118.222
8075|MICROSOFT-CORP-MSN-AS-BLOCK|US|157.55.130.142
8075|MICROSOFT-CORP-MSN-AS-BLOCK|US|65.54.165.64
8075|MICROSOFT-CORP-MSN-AS-BLOCK|US|157.56.52.26
8075|MICROSOFT-CORP-MSN-AS-BLOCK|US|65.55.223.17
8075|MICROSOFT-CORP-MSN-AS-BLOCK|US|207.46.206.125
8075|MICROSOFT-CORP-MSN-AS-BLOCK|US|65.54.48.76
8075|MICROSOFT-CORP-MSN-AS-BLOCK|US|65.55.71.123
8075|MICROSOFT-CORP-MSN-AS-BLOCK|US|157.56.232.182
8075|MICROSOFT-CORP-MSN-AS-BLOCK|US|157.56.52.15
8075|MICROSOFT-CORP-MSN-AS-BLOCK|US|65.55.223.38
8075|MICROSOFT-CORP-MSN-AS-BLOCK|US|132.245.2.22
8075|MICROSOFT-CORP-MSN-AS-BLOCK|US|65.55.223.32
8075|MICROSOFT-CORP-MSN-AS-BLOCK|US|65.54.81.18
8075|MICROSOFT-CORP-MSN-AS-BLOCK|US|111.221.77.161
8075|MICROSOFT-CORP-MSN-AS-BLOCK|US|65.55.227.188
8075|MICROSOFT-CORP-MSN-AS-BLOCK|US|111.221.74.24
8075|MICROSOFT-CORP-MSN-AS-BLOCK|US|64.4.23.155
8075|MICROSOFT-CORP-MSN-AS-BLOCK|US|64.4.11.25
8075|MICROSOFT-CORP-MSN-AS-BLOCK|US|157.56.242.198
8075|MICROSOFT-CORP-MSN-AS-BLOCK|US|132.245.1.166
8075|MICROSOFT-CORP-MSN-AS-BLOCK|US|157.55.56.165
8075|MICROSOFT-CORP-MSN-AS-BLOCK|US|65.55.71.93
8075|MICROSOFT-CORP-MSN-AS-BLOCK|US|65.54.49.142
8075|MICROSOFT-CORP-MSN-AS-BLOCK|US|157.56.52.38
8075|MICROSOFT-CORP-MSN-AS-BLOCK|US|157.56.52.23
8075|MICROSOFT-CORP-MSN-AS-BLOCK|US|111.221.74.28
8075|MICROSOFT-CORP-MSN-AS-BLOCK|US|65.55.223.25
8075|MICROSOFT-CORP-MSN-AS-BLOCK|US|111.221.74.12
8075|MICROSOFT-CORP-MSN-AS-BLOCK|US|132.245.1.150
8075|MICROSOFT-CORP-MSN-AS-BLOCK|US|65.55.171.159
8075|MICROSOFT-CORP-MSN-AS-BLOCK|US|213.199.179.162
8075|MICROSOFT-CORP-MSN-AS-BLOCK|US|65.55.223.30
8075|MICROSOFT-CORP-MSN-AS-BLOCK|US|111.221.77.166
8075|MICROSOFT-CORP-MSN-AS-BLOCK|US|157.56.234.118
8075|MICROSOFT-CORP-MSN-AS-BLOCK|US|65.54.80.250
8075|MICROSOFT-CORP-MSN-AS-BLOCK|US|157.56.245.198
8075|MICROSOFT-CORP-MSN-AS-BLOCK|US|111.221.74.17
8075|MICROSOFT-CORP-MSN-AS-BLOCK|US|111.221.74.20
8075|MICROSOFT-CORP-MSN-AS-BLOCK|US|157.56.52.32
8075|MICROSOFT-CORP-MSN-AS-BLOCK|US|157.55.235.150
8075|MICROSOFT-CORP-MSN-AS-BLOCK|US|157.56.240.102
8075|MICROSOFT-CORP-MSN-AS-BLOCK|US|157.56.52.20
8075|MICROSOFT-CORP-MSN-AS-BLOCK|US|157.56.236.134
8075|MICROSOFT-CORP-MSN-AS-BLOCK|US|65.55.71.195
8075|MICROSOFT-CORP-MSN-AS-BLOCK|US|157.56.52.13
8075|MICROSOFT-CORP-MSN-AS-BLOCK|US|111.221.74.15
8075|MICROSOFT-CORP-MSN-AS-BLOCK|US|132.245.2.70
8075|MICROSOFT-CORP-MSN-AS-BLOCK|US|111.221.77.156
8075|MICROSOFT-CORP-MSN-AS-BLOCK|US|65.55.223.19
8075|MICROSOFT-CORP-MSN-AS-BLOCK|US|157.55.130.152
8075|MICROSOFT-CORP-MSN-AS-BLOCK|US|65.55.223.34
8075|MICROSOFT-CORP-MSN-AS-BLOCK|US|157.55.130.150
8075|MICROSOFT-CORP-MSN-AS-BLOCK|US|157.55.235.157
8075|MICROSOFT-CORP-MSN-AS-BLOCK|US|157.55.56.162
8075|MICROSOFT-CORP-MSN-AS-BLOCK|US|65.54.49.80
8075|MICROSOFT-CORP-MSN-AS-BLOCK|US|157.55.130.162
8075|MICROSOFT-CORP-MSN-AS-BLOCK|US|111.221.74.22
8075|MICROSOFT-CORP-MSN-AS-BLOCK|US|65.55.223.15
8075|MICROSOFT-CORP-MSN-AS-BLOCK|US|111.221.74.14
8075|MICROSOFT-CORP-MSN-AS-BLOCK|US|157.56.232.214
8075|MICROSOFT-CORP-MSN-AS-BLOCK|US|65.55.223.29
8075|MICROSOFT-CORP-MSN-AS-BLOCK|US|111.221.74.27
8075|MICROSOFT-CORP-MSN-AS-BLOCK|US|157.56.234.137
8075|MICROSOFT-CORP-MSN-AS-BLOCK|US|157.56.134.97
8075|MICROSOFT-CORP-MSN-AS-BLOCK|US|157.56.52.14
8075|MICROSOFT-CORP-MSN-AS-BLOCK|US|111.221.74.16
8075|MICROSOFT-CORP-MSN-AS-BLOCK|US|157.55.130.154
8075|MICROSOFT-CORP-MSN-AS-BLOCK|US|157.55.130.155
8075|MICROSOFT-CORP-MSN-AS-BLOCK|US|213.199.179.142
8075|MICROSOFT-CORP-MSN-AS-BLOCK|US|157.55.130.140
8075|MICROSOFT-CORP-MSN-AS-BLOCK|US|111.221.77.147
8075|MICROSOFT-CORP-MSN-AS-BLOCK|US|65.54.81.228
8075|MICROSOFT-CORP-MSN-AS-BLOCK|US|157.56.236.89
8075|MICROSOFT-CORP-MSN-AS-BLOCK|US|111.221.74.23
8075|MICROSOFT-CORP-MSN-AS-BLOCK|US|157.56.52.30
8075|MICROSOFT-CORP-MSN-AS-BLOCK|US|157.55.130.158
8075|MICROSOFT-CORP-MSN-AS-BLOCK|US|213.199.179.158
8075|MICROSOFT-CORP-MSN-AS-BLOCK|US|157.56.238.6
8075|MICROSOFT-CORP-MSN-AS-BLOCK|US|65.54.80.208
8075|MICROSOFT-CORP-MSN-AS-BLOCK|US|157.55.235.161
8075|MICROSOFT-CORP-MSN-AS-BLOCK|US|157.55.235.166
8075|MICROSOFT-CORP-MSN-AS-BLOCK|US|64.4.23.157
8075|MICROSOFT-CORP-MSN-AS-BLOCK|US|65.54.81.133
8075|MICROSOFT-CORP-MSN-AS-BLOCK|US|157.56.241.118
8075|MICROSOFT-CORP-MSN-AS-BLOCK|US|111.221.77.162
8075|MICROSOFT-CORP-MSN-AS-BLOCK|US|65.55.223.26
8075|MICROSOFT-CORP-MSN-AS-BLOCK|US|64.4.23.147
8075|MICROSOFT-CORP-MSN-AS-BLOCK|US|157.56.52.34
8075|MICROSOFT-CORP-MSN-AS-BLOCK|US|157.56.52.24
8075|MICROSOFT-CORP-MSN-AS-BLOCK|US|157.55.130.160
8075|MICROSOFT-CORP-MSN-AS-BLOCK|US|111.221.74.21
8075|MICROSOFT-CORP-MSN-AS-BLOCK|US|111.221.77.144
8075|MICROSOFT-CORP-MSN-AS-BLOCK|US|213.199.179.159
8075|MICROSOFT-CORP-MSN-AS-BLOCK|US|157.56.52.18
8075|MICROSOFT-CORP-MSN-AS-BLOCK|US|157.55.130.151
8075|MICROSOFT-CORP-MSN-AS-BLOCK|US|65.55.223.21
8075|MICROSOFT-CORP-MSN-AS-BLOCK|US|157.56.52.17
8075|MICROSOFT-CORP-MSN-AS-BLOCK|US|65.54.81.135
8075|MICROSOFT-CORP-MSN-AS-BLOCK|US|207.46.193.179
8075|MICROSOFT-CORP-MSN-AS-BLOCK|US|213.199.179.161
8075|MICROSOFT-CORP-MSN-AS-BLOCK|US|157.55.235.145
8075|MICROSOFT-CORP-MSN-AS-BLOCK|US|157.56.237.150
8075|MICROSOFT-CORP-MSN-AS-BLOCK|US|157.55.235.142
8075|MICROSOFT-CORP-MSN-AS-BLOCK|US|157.56.244.217
8075|MICROSOFT-CORP-MSN-AS-BLOCK|US|157.55.56.142
8075|MICROSOFT-CORP-MSN-AS-BLOCK|US|157.55.211.160
8075|MICROSOFT-CORP-MSN-AS-BLOCK|US|111.221.77.159
8075|MICROSOFT-CORP-MSN-AS-BLOCK|US|65.55.223.13
8075|MICROSOFT-CORP-MSN-AS-BLOCK|US|65.55.223.20
8075|MICROSOFT-CORP-MSN-AS-BLOCK|US|157.56.234.6
8075|MICROSOFT-CORP-MSN-AS-BLOCK|US|64.4.23.159
8075|MICROSOFT-CORP-MSN-AS-BLOCK|US|65.54.61.217
8075|MICROSOFT-CORP-MSN-AS-BLOCK|US|157.56.236.102
8075|MICROSOFT-CORP-MSN-AS-BLOCK|US|64.4.23.154
8075|MICROSOFT-CORP-MSN-AS-BLOCK|US|65.55.71.205
8075|MICROSOFT-CORP-MSN-AS-BLOCK|US|157.55.235.152
8075|MICROSOFT-CORP-MSN-AS-BLOCK|US|65.55.223.16
8075|MICROSOFT-CORP-MSN-AS-BLOCK|US|157.55.235.155
8075|MICROSOFT-CORP-MSN-AS-BLOCK|US|157.55.56.140
8075|MICROSOFT-CORP-MSN-AS-BLOCK|US|65.55.71.43
8075|MICROSOFT-CORP-MSN-AS-BLOCK|US|157.55.130.166
8075|MICROSOFT-CORP-MSN-AS-BLOCK|US|157.56.244.214
8075|MICROSOFT-CORP-MSN-AS-BLOCK|US|157.56.240.22
8075|MICROSOFT-CORP-MSN-AS-BLOCK|US|157.56.241.150
8075|MICROSOFT-CORP-MSN-AS-BLOCK|US|132.245.1.134
8075|MICROSOFT-CORP-MSN-AS-BLOCK|US|111.221.77.150
8075|MICROSOFT-CORP-MSN-AS-BLOCK|US|157.56.240.246
8075|MICROSOFT-CORP-MSN-AS-BLOCK|US|213.199.179.160
8075|MICROSOFT-CORP-MSN-AS-BLOCK|US|213.199.179.147
8075|MICROSOFT-CORP-MSN-AS-BLOCK|US|157.55.130.153
8075|MICROSOFT-CORP-MSN-AS-BLOCK|US|64.4.23.160
8075|MICROSOFT-CORP-MSN-AS-BLOCK|US|111.221.74.32
8075|MICROSOFT-CORP-MSN-AS-BLOCK|US|65.54.50.214
8075|MICROSOFT-CORP-MSN-AS-BLOCK|US|157.55.235.144
8075|MICROSOFT-CORP-MSN-AS-BLOCK|US|65.55.223.24
8075|MICROSOFT-CORP-MSN-AS-BLOCK|US|157.55.56.144
8075|MICROSOFT-CORP-MSN-AS-BLOCK|US|157.55.113.200
8075|MICROSOFT-CORP-MSN-AS-BLOCK|US|157.56.237.6
8075|MICROSOFT-CORP-MSN-AS-BLOCK|US|157.55.145.210
8075|MICROSOFT-CORP-MSN-AS-BLOCK|US|157.55.235.158
8075|MICROSOFT-CORP-MSN-AS-BLOCK|US|157.55.235.153
8075|MICROSOFT-CORP-MSN-AS-BLOCK|US|65.54.61.211
8075|MICROSOFT-CORP-MSN-AS-BLOCK|US|157.55.56.153
8075|MICROSOFT-CORP-MSN-AS-BLOCK|US|157.56.52.28
8075|MICROSOFT-CORP-MSN-AS-BLOCK|US|157.55.130.141
8075|MICROSOFT-CORP-MSN-AS-BLOCK|US|64.4.23.161
8075|MICROSOFT-CORP-MSN-AS-BLOCK|US|131.253.14.73
8075|MICROSOFT-CORP-MSN-AS-BLOCK|US|111.221.77.140
8075|MICROSOFT-CORP-MSN-AS-BLOCK|US|157.56.240.137
8137|DISNEYONLINE-AS|US|68.71.220.175
8137|DISNEYONLINE-AS|US|68.71.216.157
8708|RCS-RDS 73-75 Dr. Staicovici|RO|82.76.30.122
8972|GD-EMEA-DC-SXB1|DE|217.118.26.135
9299|IPG-AS-AP Philippine Long Distance Telephone Company|PH|112.208.136.11
9313|ONTHENET-AS Network Technology (AUST) P/L|AU|120.29.6.92
9503|FX-PRIMARY-AS FX Networks Limited|NZ|131.203.115.170
9506|SINGTEL-FIBRE Singtel Fibre Broadband|SG|219.74.244.2
9605|DOCOMO NTT DOCOMO, INC.|JP|23.61.18.110
9605|DOCOMO NTT DOCOMO, INC.|JP|23.61.31.139
9885|NKN-INTERNET-GW NKN INTERNET GATEWAY NETWORK|IN|23.32.176.63
9885|NKN-INTERNET-GW NKN INTERNET GATEWAY NETWORK|IN|23.32.178.116
9885|NKN-INTERNET-GW NKN INTERNET GATEWAY NETWORK|IN|23.32.177.224
10297|ENET-2|US|209.190.70.254
10297|ENET-2|US|209.190.106.126
10310|YAHOO-1|US|216.115.101.178
10310|YAHOO-1|US|68.142.253.40
10310|YAHOO-1|US|68.142.253.72
10357|JMUNET|US|134.126.221.147
10561|BRANDEIS|US|129.64.197.158
10782|HP-DIGITAL-10782|US|15.217.8.105
10782|HP-DIGITAL-10782|US|15.216.110.22
10782|HP-DIGITAL-10782|US|15.216.110.140
10782|HP-DIGITAL-10782|US|15.216.110.21
10782|HP-DIGITAL-10782|US|15.201.8.73
10782|HP-DIGITAL-10782|US|15.240.238.56
10782|HP-DIGITAL-10782|US|15.240.238.52
10796|TWC-10796-MIDWEST|US|65.31.30.198
10796|TWC-10796-MIDWEST|US|24.210.53.247
10796|TWC-10796-MIDWEST|US|65.25.77.209
10835|VISIONARY|US|209.193.97.196
10912|INTERNAP-BLK|US|64.94.107.54
10912|INTERNAP-BLK|US|64.94.107.62
10912|INTERNAP-BLK|US|64.94.107.63
10912|INTERNAP-BLK|US|64.94.107.23
10912|INTERNAP-BLK|US|64.94.107.46
10912|INTERNAP-BLK|US|64.94.107.14
10912|INTERNAP-BLK|US|64.94.107.18
10912|INTERNAP-BLK|US|64.94.107.55
10912|INTERNAP-BLK|US|64.94.107.11
10912|INTERNAP-BLK|US|64.94.107.58
10912|INTERNAP-BLK|US|64.94.107.25
10912|INTERNAP-BLK|US|64.94.107.47
10912|INTERNAP-BLK|US|216.52.242.80
10912|INTERNAP-BLK|US|64.94.107.19
10912|INTERNAP-BLK|US|64.94.107.30
10912|INTERNAP-BLK|US|64.94.107.34
10912|INTERNAP-BLK|US|216.52.242.97
10913|INTERNAP-BLK|US|216.52.121.178
10913|INTERNAP-BLK|US|64.94.18.142
10913|INTERNAP-BLK|US|64.94.18.131
10913|INTERNAP-BLK|US|64.94.18.161
10913|INTERNAP-BLK|US|69.25.24.24
10913|INTERNAP-BLK|US|64.94.18.135
10913|INTERNAP-BLK|US|216.52.121.204
10913|INTERNAP-BLK|US|74.217.253.61
10913|INTERNAP-BLK|US|216.52.121.177
11054|LIVEPERSON|US|208.89.14.135
11054|LIVEPERSON|US|208.89.13.133
11232|MIDCO-NET|US|96.3.161.187
11232|MIDCO-NET|US|69.9.238.98
11303|DATARETURN|US|208.39.97.138
11426|TWC-11426-CAROLINAS|US|24.171.169.137
11426|TWC-11426-CAROLINAS|US|69.132.122.65
11427|TWC-11427-TEXAS|US|66.69.19.126
11483|CONVIVA-AS|US|199.127.194.206
11483|CONVIVA-AS|US|199.127.194.80
11483|CONVIVA-AS|US|199.127.194.178
11776|ATLANTICBB-JOHNSTOWN|US|72.28.142.76
11799|AS11799|US|207.171.14.219
11799|AS11799|US|207.171.14.112
11834|DREXEL-ASN|US|129.25.32.242
11855|ASN-INTERNAP-BLK|US|70.42.13.101
11855|ASN-INTERNAP-BLK|US|70.42.13.100
12025|IMDC-AS12025|US|8.30.199.67
12083|WOW-INTERNET|US|67.149.51.94
12182|INTERNAP-2BLK|US|74.217.78.158
12182|INTERNAP-2BLK|US|75.98.93.51
12182|INTERNAP-2BLK|US|66.151.150.190
12182|INTERNAP-2BLK|US|74.201.120.8
12182|INTERNAP-2BLK|US|74.217.78.146
12182|INTERNAP-2BLK|US|66.151.158.187
12182|INTERNAP-2BLK|US|74.217.78.184
12271|TWC-12271-NYC|US|67.244.23.29
12282|GMA|US|65.19.76.135
13326|TUFTS-UNIVERSITY|US|130.64.83.164
13335|CLOUDFLARENET|US|190.93.240.8
13335|CLOUDFLARENET|US|141.101.123.194
13335|CLOUDFLARENET|US|108.162.205.83
13335|CLOUDFLARENET|US|108.162.199.98
13335|CLOUDFLARENET|US|141.101.113.194
13335|CLOUDFLARENET|US|190.93.246.193
13335|CLOUDFLARENET|US|141.101.123.8
13360|TRITONDIGITAL|CA|208.92.54.5
13360|TRITONDIGITAL|CA|208.92.52.90
13414|TWITTER|US|199.59.149.230
13414|TWITTER|US|199.59.150.12
13414|TWITTER|US|199.59.150.43
13414|TWITTER|US|199.16.156.104
13414|TWITTER|US|199.59.148.11
13414|TWITTER|US|199.16.159.55
13414|TWITTER|US|199.16.159.87
13414|TWITTER|US|199.59.150.39
13414|TWITTER|US|199.16.159.109
13414|TWITTER|US|199.59.148.247
13414|TWITTER|US|199.16.156.40
13414|TWITTER|US|199.16.156.8
13414|TWITTER|US|199.59.148.86
13476|MSU-BOZEMAN|US|192.156.215.1
13476|MSU-BOZEMAN|US|153.90.68.50
13649|ASN-VINS|US|64.90.204.229
13768|COGECO-PEER1|CA|69.174.248.254
13768|COGECO-PEER1|CA|216.157.106.190
13768|COGECO-PEER1|CA|76.74.248.163
13768|COGECO-PEER1|CA|69.174.248.253
13768|COGECO-PEER1|CA|66.199.173.81
13768|COGECO-PEER1|CA|76.74.248.254
13768|COGECO-PEER1|CA|64.34.196.74
13789|INTERNAP-BLK3|US|70.42.33.241
13789|INTERNAP-BLK3|US|75.98.35.10
13789|INTERNAP-BLK3|US|216.52.92.23
13789|INTERNAP-BLK3|US|216.52.92.45
13838|EMERSON|US|199.94.91.63
13902|XAXIS-AS2|US|208.71.123.131
13902|XAXIS-AS2|US|208.71.123.129
13902|XAXIS-AS2|US|208.71.123.86
14215|SABRE-HOLDINGS-CORPORATION|US|199.204.31.123
14215|SABRE-HOLDINGS-CORPORATION|US|199.204.31.89
14215|SABRE-HOLDINGS-CORPORATION|US|199.204.31.83
14215|SABRE-HOLDINGS-CORPORATION|US|199.204.29.117
14340|SALESFORCE|US|96.43.146.49
14340|SALESFORCE|US|96.43.146.160
14340|SALESFORCE|US|96.43.149.26
14340|SALESFORCE|US|96.43.146.176
14340|SALESFORCE|US|96.43.146.177
14340|SALESFORCE|US|204.14.235.101
14340|SALESFORCE|US|204.14.235.118
14340|SALESFORCE|US|96.43.146.48
14340|SALESFORCE|US|204.14.235.124
14340|SALESFORCE|US|96.43.146.13
14340|SALESFORCE|US|96.43.146.50
14340|SALESFORCE|US|96.43.148.26
14340|SALESFORCE|US|96.43.146.149
14340|SALESFORCE|US|96.43.146.178
14340|SALESFORCE|US|96.43.146.22
14340|SALESFORCE|US|96.43.146.164
14340|SALESFORCE|US|204.14.232.101
14340|SALESFORCE|US|96.43.146.32
14340|SALESFORCE|US|204.14.233.101
14492|DATAPIPE|US|206.188.4.9
14492|DATAPIPE|US|64.27.99.250
14492|DATAPIPE|US|206.188.4.26
14492|DATAPIPE|US|206.188.4.2
14609|EQUINIX-CORP-AS|US|216.221.224.26
14618|AMAZON-AES|US|184.73.235.12
14618|AMAZON-AES|US|75.101.129.242
14618|AMAZON-AES|US|50.16.233.105
14618|AMAZON-AES|US|50.19.93.194
14618|AMAZON-AES|US|54.243.145.248
14618|AMAZON-AES|US|54.243.192.249
14618|AMAZON-AES|US|107.20.232.172
14618|AMAZON-AES|US|23.21.118.18
14618|AMAZON-AES|US|54.243.243.51
14618|AMAZON-AES|US|75.101.140.131
14618|AMAZON-AES|US|54.243.235.103
14618|AMAZON-AES|US|184.72.243.110
14618|AMAZON-AES|US|23.21.132.234
14618|AMAZON-AES|US|174.129.141.188
14618|AMAZON-AES|US|107.20.217.22
14618|AMAZON-AES|US|184.72.255.145
14618|AMAZON-AES|US|107.21.205.194
14618|AMAZON-AES|US|107.21.255.53
14618|AMAZON-AES|US|54.243.251.10
14618|AMAZON-AES|US|107.22.199.132
14618|AMAZON-AES|US|54.243.166.36
14618|AMAZON-AES|US|184.72.158.31
14618|AMAZON-AES|US|107.22.3.252
14618|AMAZON-AES|US|54.242.56.178
14618|AMAZON-AES|US|107.20.234.161
14618|AMAZON-AES|US|54.235.184.94
14618|AMAZON-AES|US|174.129.204.13
14618|AMAZON-AES|US|23.21.62.111
14618|AMAZON-AES|US|204.236.235.239
14618|AMAZON-AES|US|184.73.184.196
14618|AMAZON-AES|US|107.22.183.9
14618|AMAZON-AES|US|50.19.91.197
14618|AMAZON-AES|US|23.21.122.20
14618|AMAZON-AES|US|184.73.220.229
14618|AMAZON-AES|US|50.17.197.129
14618|AMAZON-AES|US|174.129.10.21
14618|AMAZON-AES|US|50.19.249.172
14618|AMAZON-AES|US|107.23.217.190
14618|AMAZON-AES|US|23.21.72.43
14618|AMAZON-AES|US|184.73.255.87
14618|AMAZON-AES|US|68.64.4.249
14618|AMAZON-AES|US|174.129.236.22
14618|AMAZON-AES|US|54.234.89.21
14618|AMAZON-AES|US|54.243.98.221
14618|AMAZON-AES|US|174.129.245.199
14618|AMAZON-AES|US|23.21.75.80
14618|AMAZON-AES|US|23.23.117.77
14618|AMAZON-AES|US|107.22.223.184
14618|AMAZON-AES|US|54.243.68.206
14618|AMAZON-AES|US|107.23.112.156
14618|AMAZON-AES|US|54.235.187.196
14618|AMAZON-AES|US|50.17.253.124
14618|AMAZON-AES|US|23.21.74.238
14618|AMAZON-AES|US|23.21.84.31
14618|AMAZON-AES|US|23.21.114.119
14618|AMAZON-AES|US|54.243.108.184
14618|AMAZON-AES|US|23.21.81.234
14618|AMAZON-AES|US|107.21.93.12
14618|AMAZON-AES|US|54.243.154.81
14618|AMAZON-AES|US|54.243.89.226
14618|AMAZON-AES|US|174.129.2.251
14618|AMAZON-AES|US|23.23.139.110
14618|AMAZON-AES|US|184.73.225.104
14618|AMAZON-AES|US|107.21.174.95
14618|AMAZON-AES|US|23.21.215.52
14618|AMAZON-AES|US|107.23.217.81
14618|AMAZON-AES|US|107.20.161.243
14618|AMAZON-AES|US|54.243.97.145
14618|AMAZON-AES|US|174.129.24.9
14618|AMAZON-AES|US|107.21.236.54
14618|AMAZON-AES|US|107.20.103.220
14618|AMAZON-AES|US|50.16.236.32
14618|AMAZON-AES|US|54.242.202.249
14618|AMAZON-AES|US|107.22.184.229
14618|AMAZON-AES|US|107.21.241.184
14618|AMAZON-AES|US|50.19.208.49
14618|AMAZON-AES|US|23.21.62.199
14618|AMAZON-AES|US|50.16.211.32
14618|AMAZON-AES|US|54.243.32.162
14618|AMAZON-AES|US|107.21.110.186
14618|AMAZON-AES|US|50.17.207.24
14618|AMAZON-AES|US|23.21.250.167
14618|AMAZON-AES|US|54.243.70.224
14618|AMAZON-AES|US|184.73.181.74
14618|AMAZON-AES|US|184.73.187.64
14618|AMAZON-AES|US|107.22.214.3
14618|AMAZON-AES|US|107.20.170.67
14618|AMAZON-AES|US|23.21.204.69
14618|AMAZON-AES|US|50.17.220.219
14618|AMAZON-AES|US|23.20.26.196
14618|AMAZON-AES|US|174.129.250.132
14618|AMAZON-AES|US|107.22.33.210
14618|AMAZON-AES|US|23.21.214.217
14618|AMAZON-AES|US|107.20.206.100
14618|AMAZON-AES|US|50.19.123.188
14618|AMAZON-AES|US|107.22.194.87
14618|AMAZON-AES|US|50.17.246.106
14618|AMAZON-AES|US|107.21.214.225
14618|AMAZON-AES|US|174.129.16.74
14618|AMAZON-AES|US|174.129.20.55
14618|AMAZON-AES|US|204.236.224.158
14618|AMAZON-AES|US|174.129.29.218
14618|AMAZON-AES|US|107.21.205.223
14618|AMAZON-AES|US|107.20.92.205
14618|AMAZON-AES|US|174.129.10.56
14618|AMAZON-AES|US|54.243.105.25
14618|AMAZON-AES|US|54.243.97.248
14618|AMAZON-AES|US|23.20.10.203
14618|AMAZON-AES|US|50.16.236.36
14618|AMAZON-AES|US|50.16.204.12
14618|AMAZON-AES|US|174.129.214.80
14618|AMAZON-AES|US|23.20.41.5
14618|AMAZON-AES|US|54.243.66.79
14618|AMAZON-AES|US|184.73.247.227
14618|AMAZON-AES|US|23.23.126.165
14618|AMAZON-AES|US|107.20.158.52
14618|AMAZON-AES|US|72.44.52.222
14618|AMAZON-AES|US|23.23.86.35
14618|AMAZON-AES|US|23.21.65.96
14618|AMAZON-AES|US|107.22.18.198
14618|AMAZON-AES|US|23.22.135.102
14618|AMAZON-AES|US|107.20.203.158
14618|AMAZON-AES|US|107.20.231.134
14618|AMAZON-AES|US|184.73.197.44
14618|AMAZON-AES|US|174.129.24.14
14618|AMAZON-AES|US|23.23.107.148
14618|AMAZON-AES|US|107.21.54.29
14618|AMAZON-AES|US|54.243.254.190
14618|AMAZON-AES|US|54.235.137.123
14618|AMAZON-AES|US|107.22.210.163
14742|INTERNAP-BLOCK-4|US|63.251.134.223
14742|INTERNAP-BLOCK-4|US|66.151.183.41
14742|INTERNAP-BLOCK-4|US|74.201.34.2
14745|INTERNAP-BLOCK-4|US|64.94.2.224
14745|INTERNAP-BLOCK-4|US|74.217.34.33
14776|YAHOO|US|69.147.86.184
15133|EDGECAST|US|93.184.216.119
15133|EDGECAST|US|72.21.91.97
15133|EDGECAST|US|72.21.91.187
15133|EDGECAST|US|72.21.91.19
15133|EDGECAST|US|93.184.216.139
15133|EDGECAST|US|72.21.91.121
15133|EDGECAST|US|72.21.91.196
15133|EDGECAST|US|93.184.216.229
15133|EDGECAST|US|93.184.216.169
15133|EDGECAST|US|93.184.215.248
15133|EDGECAST|US|72.21.91.111
15169|GOOGLE|US|173.194.43.60
15169|GOOGLE|US|74.125.226.72
15169|GOOGLE|US|74.125.226.79
15169|GOOGLE|US|173.194.43.37
15169|GOOGLE|US|173.194.43.1
15169|GOOGLE|US|108.170.196.147
15169|GOOGLE|US|74.125.226.38
15169|GOOGLE|US|74.125.226.30
15169|GOOGLE|US|74.125.228.119
15169|GOOGLE|US|173.194.43.58
15169|GOOGLE|US|74.125.226.85
15169|GOOGLE|US|173.194.31.178
15169|GOOGLE|US|108.170.198.160
15169|GOOGLE|US|173.194.43.46
15169|GOOGLE|US|173.194.43.59
15169|GOOGLE|US|74.125.133.125
15169|GOOGLE|US|173.194.43.4
15169|GOOGLE|US|108.170.196.142
15169|GOOGLE|US|74.125.226.39
15169|GOOGLE|US|74.125.226.17
15169|GOOGLE|US|173.194.31.174
15169|GOOGLE|US|74.125.226.4
15169|GOOGLE|US|74.125.226.67
15169|GOOGLE|US|74.125.226.198
15169|GOOGLE|US|74.125.226.207
15169|GOOGLE|US|74.125.226.229
15169|GOOGLE|US|74.125.226.222
15169|GOOGLE|US|74.125.226.213
15169|GOOGLE|US|74.125.226.28
15169|GOOGLE|US|173.194.43.7
15169|GOOGLE|US|173.194.43.8
15169|GOOGLE|US|74.125.228.114
15169|GOOGLE|US|74.125.226.37
15169|GOOGLE|US|74.125.228.115
15169|GOOGLE|US|74.125.226.35
15169|GOOGLE|US|173.194.68.95
15169|GOOGLE|US|74.125.226.78
15169|GOOGLE|US|74.125.226.246
15169|GOOGLE|US|173.194.43.38
15169|GOOGLE|US|74.125.0.74
15169|GOOGLE|US|74.125.142.125
15169|GOOGLE|US|173.194.68.125
15169|GOOGLE|US|173.194.41.79
15169|GOOGLE|US|173.194.43.54
15169|GOOGLE|US|74.125.226.47
15169|GOOGLE|US|173.194.75.147
15169|GOOGLE|US|74.125.226.219
15169|GOOGLE|US|173.194.43.2
15169|GOOGLE|US|74.125.239.15
15169|GOOGLE|US|74.125.226.13
15169|GOOGLE|US|8.8.8.8
15169|GOOGLE|US|74.125.226.59
15169|GOOGLE|US|208.68.110.119
15169|GOOGLE|US|108.170.193.78
15169|GOOGLE|US|74.125.226.201
15169|GOOGLE|US|74.125.226.192
15169|GOOGLE|US|74.125.170.42
15169|GOOGLE|US|74.125.170.112
15169|GOOGLE|US|74.125.226.6
15169|GOOGLE|US|173.194.73.99
15169|GOOGLE|US|173.194.43.0
15169|GOOGLE|US|173.194.43.42
15169|GOOGLE|US|74.125.226.40
15169|GOOGLE|US|173.194.43.47
15169|GOOGLE|US|173.194.43.6
15169|GOOGLE|US|173.194.43.30
15169|GOOGLE|US|74.125.226.16
15169|GOOGLE|US|74.125.226.233
15169|GOOGLE|US|173.194.43.21
15169|GOOGLE|US|173.194.43.41
15169|GOOGLE|US|173.194.74.121
15169|GOOGLE|US|74.125.226.42
15169|GOOGLE|US|173.194.43.45
15169|GOOGLE|US|74.125.226.60
15169|GOOGLE|US|74.125.226.14
15169|GOOGLE|US|74.125.226.193
15169|GOOGLE|US|74.125.226.8
15169|GOOGLE|US|173.194.74.191
15169|GOOGLE|US|173.194.43.53
15169|GOOGLE|US|173.194.75.99
15169|GOOGLE|US|74.125.226.2
15169|GOOGLE|US|173.194.78.125
15169|GOOGLE|US|74.125.142.84
15169|GOOGLE|US|74.125.226.71
15169|GOOGLE|US|74.125.226.24
15169|GOOGLE|US|173.194.43.56
15169|GOOGLE|US|74.125.228.113
15169|GOOGLE|US|173.194.74.155
15169|GOOGLE|US|173.194.43.36
15169|GOOGLE|US|74.125.226.73
15169|GOOGLE|US|74.125.226.25
15169|GOOGLE|US|74.125.133.189
15169|GOOGLE|US|108.170.193.53
15169|GOOGLE|US|173.194.43.40
15169|GOOGLE|US|173.194.43.5
15169|GOOGLE|US|173.194.76.125
15169|GOOGLE|US|74.125.226.70
15169|GOOGLE|US|173.194.74.95
15169|GOOGLE|US|173.194.68.189
15169|GOOGLE|US|74.125.226.0
15169|GOOGLE|US|74.125.226.231
15169|GOOGLE|US|173.194.75.105
15169|GOOGLE|US|74.125.226.92
15169|GOOGLE|US|74.125.226.58
15169|GOOGLE|US|8.8.4.4
15169|GOOGLE|US|74.125.228.112
15169|GOOGLE|US|173.194.43.33
15169|GOOGLE|US|173.194.43.35
15169|GOOGLE|US|74.125.226.90
15169|GOOGLE|US|74.125.170.143
15169|GOOGLE|US|74.125.226.228
15169|GOOGLE|US|74.125.226.199
15169|GOOGLE|US|173.194.43.43
15169|GOOGLE|US|74.125.226.91
15169|GOOGLE|US|173.194.74.84
15169|GOOGLE|US|173.194.43.63
15169|GOOGLE|US|173.194.73.104
15169|GOOGLE|US|74.125.170.114
15169|GOOGLE|US|74.125.226.226
15169|GOOGLE|US|173.194.76.189
15169|GOOGLE|US|173.194.75.103
15169|GOOGLE|US|173.194.41.111
15169|GOOGLE|US|74.125.226.230
15169|GOOGLE|US|74.125.226.26
15169|GOOGLE|US|74.125.226.214
15169|GOOGLE|US|74.125.226.245
15169|GOOGLE|US|173.194.75.106
15169|GOOGLE|US|74.125.226.205
15169|GOOGLE|US|74.125.226.89
15169|GOOGLE|US|173.194.74.189
15169|GOOGLE|US|173.194.43.9
15169|GOOGLE|US|74.125.228.127
15169|GOOGLE|US|173.194.43.39
15169|GOOGLE|US|173.194.75.104
15169|GOOGLE|US|208.68.110.117
15169|GOOGLE|US|74.125.170.153
15169|GOOGLE|US|74.125.226.5
15169|GOOGLE|US|108.170.194.161
15169|GOOGLE|US|173.194.74.82
15169|GOOGLE|US|173.194.43.34
15169|GOOGLE|US|74.125.226.217
15169|GOOGLE|US|173.194.43.61
15169|GOOGLE|US|173.194.73.94
15169|GOOGLE|US|173.194.43.57
15169|GOOGLE|US|173.194.43.44
15169|GOOGLE|US|173.194.43.55
15169|GOOGLE|US|74.125.226.195
15169|GOOGLE|US|74.125.226.232
15169|GOOGLE|US|74.125.226.218
15169|GOOGLE|US|74.125.226.7
15169|GOOGLE|US|74.125.226.33
15169|GOOGLE|US|74.125.226.1
15169|GOOGLE|US|74.125.226.86
15169|GOOGLE|US|74.125.226.224
15169|GOOGLE|US|74.125.142.95
15169|GOOGLE|US|173.194.43.62
15169|GOOGLE|US|74.125.226.206
15169|GOOGLE|US|173.194.43.3
15169|GOOGLE|US|173.194.73.105
15169|GOOGLE|US|173.194.43.32
15169|GOOGLE|US|74.125.228.120
15169|GOOGLE|US|74.125.226.227
15169|GOOGLE|US|74.125.226.77
15224|OMNITURE|US|66.235.138.44
15224|OMNITURE|US|66.235.138.2
15224|OMNITURE|US|63.140.58.150
15224|OMNITURE|US|66.235.139.180
15224|OMNITURE|US|66.235.155.28
15224|OMNITURE|US|66.235.142.49
15224|OMNITURE|US|66.235.132.118
15224|OMNITURE|US|66.235.143.121
15224|OMNITURE|US|66.235.133.14
15224|OMNITURE|US|66.235.139.153
15224|OMNITURE|US|66.235.147.78
15224|OMNITURE|US|66.235.146.171
15224|OMNITURE|US|66.235.144.18
15244|ADDD2NET-INC|US|67.210.115.228
15395|RACKSPACE-LON|GB|5.79.25.105
15395|RACKSPACE-LON|GB|5.79.25.106
15557|LDCOMNET|FR|84.100.44.82
15830|EQUINIX-CONNECT-EMEA|GB|85.90.254.45
16477|ACNIELSEN-AS|US|138.108.6.20
16509|AMAZON-02|US|54.241.29.133
16509|AMAZON-02|US|54.241.145.17
16509|AMAZON-02|US|176.32.98.118
16509|AMAZON-02|US|207.171.163.152
16509|AMAZON-02|US|54.240.160.90
16509|AMAZON-02|US|72.21.211.130
16509|AMAZON-02|US|72.21.215.132
16509|AMAZON-02|US|54.240.160.238
16509|AMAZON-02|US|72.21.214.199
16509|AMAZON-02|US|54.240.160.134
16509|AMAZON-02|US|68.64.5.249
16509|AMAZON-02|US|72.21.203.149
16509|AMAZON-02|US|202.173.24.200
16509|AMAZON-02|US|50.18.252.109
16509|AMAZON-02|US|204.246.169.43
16509|AMAZON-02|US|204.246.169.70
16509|AMAZON-02|US|204.246.169.142
16509|AMAZON-02|US|50.112.165.97
16509|AMAZON-02|US|72.21.214.200
16509|AMAZON-02|US|54.240.160.242
16509|AMAZON-02|US|184.169.137.94
16509|AMAZON-02|US|72.21.215.197
16509|AMAZON-02|US|207.171.163.132
16509|AMAZON-02|US|205.251.242.128
16509|AMAZON-02|US|50.18.47.197
16509|AMAZON-02|US|207.171.163.14
16509|AMAZON-02|US|72.21.195.34
16509|AMAZON-02|US|54.241.15.61
16509|AMAZON-02|US|204.246.169.222
16509|AMAZON-02|US|205.251.242.39
16509|AMAZON-02|US|72.21.207.18
16509|AMAZON-02|US|176.32.96.6
16509|AMAZON-02|US|207.171.163.205
16509|AMAZON-02|US|72.21.194.15
16509|AMAZON-02|US|54.240.160.158
16509|AMAZON-02|US|204.246.169.230
16509|AMAZON-02|US|184.169.133.107
16509|AMAZON-02|US|15.193.0.234
16509|AMAZON-02|US|176.32.96.31
16509|AMAZON-02|US|176.32.100.5
16509|AMAZON-02|US|54.240.160.30
16509|AMAZON-02|US|72.21.194.32
16526|BIRCH-TELECOM|US|65.115.189.199
16583|CFCS|CA|208.98.232.43
16625|AKAMAI-AS|US|23.15.129.86
16625|AKAMAI-AS|US|23.6.20.211
16625|AKAMAI-AS|US|184.84.3.78
16625|AKAMAI-AS|US|23.0.50.77
16625|AKAMAI-AS|US|23.62.193.244
16625|AKAMAI-AS|US|23.60.228.46
16625|AKAMAI-AS|US|23.62.196.163
16625|AKAMAI-AS|US|23.62.207.139
16625|AKAMAI-AS|US|23.6.17.224
16625|AKAMAI-AS|US|23.59.228.136
16625|AKAMAI-AS|US|23.60.244.136
16625|AKAMAI-AS|US|23.33.111.139
16625|AKAMAI-AS|US|23.60.246.35
16625|AKAMAI-AS|US|23.0.52.46
16625|AKAMAI-AS|US|23.60.224.191
16625|AKAMAI-AS|US|23.6.20.174
16625|AKAMAI-AS|US|23.0.49.244
16625|AKAMAI-AS|US|23.60.225.169
16625|AKAMAI-AS|US|23.62.194.77
16625|AKAMAI-AS|US|23.62.196.46
16625|AKAMAI-AS|US|23.0.51.167
16625|AKAMAI-AS|US|23.60.230.152
16625|AKAMAI-AS|US|23.15.129.231
16625|AKAMAI-AS|US|184.84.3.53
16625|AKAMAI-AS|US|23.0.54.218
16625|AKAMAI-AS|US|23.13.208.74
16625|AKAMAI-AS|US|23.33.81.213
16625|AKAMAI-AS|US|72.246.23.100
16625|AKAMAI-AS|US|23.0.60.101
16625|AKAMAI-AS|US|23.60.238.131
16625|AKAMAI-AS|US|23.59.225.224
16625|AKAMAI-AS|US|23.13.208.81
16625|AKAMAI-AS|US|23.60.240.63
16625|AKAMAI-AS|US|23.60.225.244
16625|AKAMAI-AS|US|23.60.245.109
16625|AKAMAI-AS|US|23.13.211.100
16625|AKAMAI-AS|US|23.15.128.251
16625|AKAMAI-AS|US|23.33.98.110
16625|AKAMAI-AS|US|23.15.128.239
16625|AKAMAI-AS|US|23.62.195.78
16625|AKAMAI-AS|US|23.60.241.224
16625|AKAMAI-AS|US|23.13.210.227
16625|AKAMAI-AS|US|184.51.251.100
16625|AKAMAI-AS|US|23.33.81.244
16625|AKAMAI-AS|US|23.15.128.66
16815|GOTO-PRIMARY-AS|US|216.115.217.254
16815|GOTO-PRIMARY-AS|US|67.217.88.86
16815|GOTO-PRIMARY-AS|US|216.115.208.199
16815|GOTO-PRIMARY-AS|US|216.115.217.198
16815|GOTO-PRIMARY-AS|US|67.217.64.54
16815|GOTO-PRIMARY-AS|US|216.219.115.54
16815|GOTO-PRIMARY-AS|US|68.64.21.37
16815|GOTO-PRIMARY-AS|US|67.217.67.129
16815|GOTO-PRIMARY-AS|US|68.64.28.123
16815|GOTO-PRIMARY-AS|US|67.217.86.146
16815|GOTO-PRIMARY-AS|US|67.217.86.124
16815|GOTO-PRIMARY-AS|US|67.217.94.254
16815|GOTO-PRIMARY-AS|US|216.219.115.17
16815|GOTO-PRIMARY-AS|US|67.217.65.65
16815|GOTO-PRIMARY-AS|US|67.217.88.129
16815|GOTO-PRIMARY-AS|US|216.115.217.210
16815|GOTO-PRIMARY-AS|US|67.217.78.31
16815|GOTO-PRIMARY-AS|US|216.115.222.200
16815|GOTO-PRIMARY-AS|US|68.64.28.24
16815|GOTO-PRIMARY-AS|US|216.219.120.244
16815|GOTO-PRIMARY-AS|US|68.64.25.250
16815|GOTO-PRIMARY-AS|US|216.219.115.163
16815|GOTO-PRIMARY-AS|US|67.217.65.49
16815|GOTO-PRIMARY-AS|US|68.64.21.45
16815|GOTO-PRIMARY-AS|US|68.64.28.70
16815|GOTO-PRIMARY-AS|US|216.115.208.203
16815|GOTO-PRIMARY-AS|US|68.64.24.250
16815|GOTO-PRIMARY-AS|US|216.219.116.244
16815|GOTO-PRIMARY-AS|US|67.217.94.204
16815|GOTO-PRIMARY-AS|US|67.217.94.156
16815|GOTO-PRIMARY-AS|US|68.64.28.20
16815|GOTO-PRIMARY-AS|US|67.217.86.242
16815|GOTO-PRIMARY-AS|US|68.64.28.108
16815|GOTO-PRIMARY-AS|US|216.115.217.201
16815|GOTO-PRIMARY-AS|US|216.115.216.98
16815|GOTO-PRIMARY-AS|US|68.64.28.91
16815|GOTO-PRIMARY-AS|US|78.108.117.250
16815|GOTO-PRIMARY-AS|US|68.64.29.28
16815|GOTO-PRIMARY-AS|US|67.217.94.135
16815|GOTO-PRIMARY-AS|US|67.217.65.244
16815|GOTO-PRIMARY-AS|US|67.217.65.54
16815|GOTO-PRIMARY-AS|US|68.64.28.129
16815|GOTO-PRIMARY-AS|US|68.64.21.46
16815|GOTO-PRIMARY-AS|US|216.219.115.183
16815|GOTO-PRIMARY-AS|US|68.64.13.250
16815|GOTO-PRIMARY-AS|US|68.64.28.164
16815|GOTO-PRIMARY-AS|US|68.64.26.250
16815|GOTO-PRIMARY-AS|US|67.217.64.99
16815|GOTO-PRIMARY-AS|US|67.217.64.49
16815|GOTO-PRIMARY-AS|US|216.115.217.144
16815|GOTO-PRIMARY-AS|US|67.217.64.64
16815|GOTO-PRIMARY-AS|US|68.64.21.62
16815|GOTO-PRIMARY-AS|US|216.115.216.250
16815|GOTO-PRIMARY-AS|US|68.64.21.71
16815|GOTO-PRIMARY-AS|US|216.115.216.101
16815|GOTO-PRIMARY-AS|US|67.217.88.161
16815|GOTO-PRIMARY-AS|US|78.108.119.250
16815|GOTO-PRIMARY-AS|US|216.219.115.160
16815|GOTO-PRIMARY-AS|US|68.64.28.66
16815|GOTO-PRIMARY-AS|US|216.115.216.31
16815|GOTO-PRIMARY-AS|US|68.64.29.40
16815|GOTO-PRIMARY-AS|US|216.115.223.200
16815|GOTO-PRIMARY-AS|US|67.217.78.36
16815|GOTO-PRIMARY-AS|US|67.217.78.32
16815|GOTO-PRIMARY-AS|US|216.219.115.250
16815|GOTO-PRIMARY-AS|US|67.217.95.254
16815|GOTO-PRIMARY-AS|US|68.64.21.42
16815|GOTO-PRIMARY-AS|US|68.64.28.169
16815|GOTO-PRIMARY-AS|US|67.217.64.100
16815|GOTO-PRIMARY-AS|US|68.64.30.250
16815|GOTO-PRIMARY-AS|US|216.115.216.44
16815|GOTO-PRIMARY-AS|US|68.64.21.40
16815|GOTO-PRIMARY-AS|US|68.64.21.36
16815|GOTO-PRIMARY-AS|US|68.64.21.44
16815|GOTO-PRIMARY-AS|US|78.108.118.250
16815|GOTO-PRIMARY-AS|US|67.217.65.99
16815|GOTO-PRIMARY-AS|US|216.115.217.225
16815|GOTO-PRIMARY-AS|US|68.64.21.41
16815|GOTO-PRIMARY-AS|US|68.64.21.35
16815|GOTO-PRIMARY-AS|US|67.217.64.97
16815|GOTO-PRIMARY-AS|US|67.217.64.244
16815|GOTO-PRIMARY-AS|US|216.219.117.244
16815|GOTO-PRIMARY-AS|US|67.217.64.65
16815|GOTO-PRIMARY-AS|US|216.219.117.209
16815|GOTO-PRIMARY-AS|US|68.64.28.62
17152|BATES|US|134.181.229.92
17223|LATISYS-CHICAGO|US|208.78.169.230
17225|ATT-CERFNET-BLOCK|US|12.130.48.50
17225|ATT-CERFNET-BLOCK|US|12.130.48.51
17233|ATT-CERFNET-BLOCK|US|12.129.199.104
17252|AS2-COLOAM|US|67.203.19.35
18566|MEGAPATH5-|US|66.92.149.253
18881|TELEFONICA BRASIL S.A|BR|187.59.124.8
18908|BRIGHTCOVE-AS|US|64.74.101.52
19024|INTERNAP-BLK5|US|64.94.43.110
19024|INTERNAP-BLK5|US|74.217.1.80
19024|INTERNAP-BLK5|US|64.74.103.175
19024|INTERNAP-BLK5|US|74.217.1.83
19453|TWRS-RI|US|64.17.236.31
19604|IBM-RALEIGH-CL|US|63.73.131.68
19606|-Reserved AS-|ZZ|138.108.7.20
19679|DROPBOX|US|199.47.218.150
19679|DROPBOX|US|199.47.216.177
19679|DROPBOX|US|108.160.161.158
19679|DROPBOX|US|199.47.217.174
19679|DROPBOX|US|108.160.161.157
19679|DROPBOX|US|108.160.161.163
19679|DROPBOX|US|108.160.160.163
19679|DROPBOX|US|108.160.161.162
19679|DROPBOX|US|199.47.219.147
19679|DROPBOX|US|199.47.216.146
19750|AS-CRITEO|US|74.119.118.94
19750|AS-CRITEO|US|74.119.118.84
19994|RACKSPACE|US|198.61.152.151
19994|RACKSPACE|US|50.57.17.148
20001|TWC-20001-PACWEST|US|76.168.9.61
20001|TWC-20001-PACWEST|US|74.62.191.66
20093|ZEROLAG|US|68.71.249.121
20115|CHARTER-20115|US|68.191.201.2
20115|CHARTER-20115|US|71.13.48.32
20115|CHARTER-20115|US|68.185.61.10
20115|CHARTER-20115|US|97.89.18.110
20115|CHARTER-20115|US|66.168.57.109
20115|CHARTER-20115|US|71.9.60.231
20940|AKAMAI-ASN1|EU|23.33.44.168
20940|AKAMAI-ASN1|EU|23.45.65.25
20940|AKAMAI-ASN1|EU|23.60.158.251
20940|AKAMAI-ASN1|EU|23.67.243.43
20940|AKAMAI-ASN1|EU|23.33.47.60
20940|AKAMAI-ASN1|EU|23.45.65.67
20940|AKAMAI-ASN1|EU|23.67.243.18
20940|AKAMAI-ASN1|EU|23.33.87.130
20940|AKAMAI-ASN1|EU|23.33.44.79
20940|AKAMAI-ASN1|EU|209.107.209.26
20940|AKAMAI-ASN1|EU|23.67.242.17
20940|AKAMAI-ASN1|EU|23.67.242.8
20940|AKAMAI-ASN1|EU|23.67.242.64
20940|AKAMAI-ASN1|EU|23.67.243.33
20940|AKAMAI-ASN1|EU|23.33.44.150
20940|AKAMAI-ASN1|EU|23.67.243.26
20940|AKAMAI-ASN1|EU|23.67.243.65
20940|AKAMAI-ASN1|EU|23.67.242.24
20940|AKAMAI-ASN1|EU|23.32.182.35
20940|AKAMAI-ASN1|EU|23.67.242.41
20940|AKAMAI-ASN1|EU|23.45.65.42
20940|AKAMAI-ASN1|EU|23.67.243.42
20940|AKAMAI-ASN1|EU|23.67.242.32
20940|AKAMAI-ASN1|EU|23.67.242.50
20940|AKAMAI-ASN1|EU|23.67.242.11
20940|AKAMAI-ASN1|EU|23.45.65.51
20940|AKAMAI-ASN1|EU|23.67.242.58
20940|AKAMAI-ASN1|EU|23.33.85.215
20940|AKAMAI-ASN1|EU|23.67.242.80
20940|AKAMAI-ASN1|EU|23.46.16.170
20940|AKAMAI-ASN1|EU|23.67.242.115
20940|AKAMAI-ASN1|EU|23.33.95.139
20940|AKAMAI-ASN1|EU|23.67.242.120
20940|AKAMAI-ASN1|EU|23.67.242.211
20940|AKAMAI-ASN1|EU|23.67.242.59
20940|AKAMAI-ASN1|EU|216.151.187.131
20940|AKAMAI-ASN1|EU|23.67.242.74
20940|AKAMAI-ASN1|EU|23.33.47.196
20940|AKAMAI-ASN1|EU|23.45.65.58
20940|AKAMAI-ASN1|EU|23.67.243.19
20940|AKAMAI-ASN1|EU|23.67.243.58
20940|AKAMAI-ASN1|EU|23.67.243.89
20940|AKAMAI-ASN1|EU|23.67.242.27
20940|AKAMAI-ASN1|EU|184.50.240.134
20940|AKAMAI-ASN1|EU|23.67.243.81
20940|AKAMAI-ASN1|EU|23.67.242.104
20940|AKAMAI-ASN1|EU|23.67.242.34
20940|AKAMAI-ASN1|EU|23.67.242.73
20940|AKAMAI-ASN1|EU|23.33.85.199
20940|AKAMAI-ASN1|EU|23.33.85.239
20940|AKAMAI-ASN1|EU|23.67.242.106
20940|AKAMAI-ASN1|EU|216.151.187.105
20940|AKAMAI-ASN1|EU|23.45.65.65
20940|AKAMAI-ASN1|EU|23.60.159.86
20940|AKAMAI-ASN1|EU|23.67.243.56
20940|AKAMAI-ASN1|EU|23.46.20.239
20940|AKAMAI-ASN1|EU|23.67.243.48
20940|AKAMAI-ASN1|EU|23.67.242.67
20940|AKAMAI-ASN1|EU|23.33.46.153
20940|AKAMAI-ASN1|EU|23.45.65.57
20940|AKAMAI-ASN1|EU|23.67.242.72
20940|AKAMAI-ASN1|EU|23.46.20.251
20940|AKAMAI-ASN1|EU|23.67.243.50
20940|AKAMAI-ASN1|EU|23.33.47.100
20940|AKAMAI-ASN1|EU|23.60.158.239
20940|AKAMAI-ASN1|EU|23.45.65.74
20940|AKAMAI-ASN1|EU|23.67.242.42
20940|AKAMAI-ASN1|EU|23.67.242.83
20940|AKAMAI-ASN1|EU|23.33.95.8
20940|AKAMAI-ASN1|EU|23.62.151.196
20940|AKAMAI-ASN1|EU|23.67.243.25
20940|AKAMAI-ASN1|EU|23.66.231.48
20940|AKAMAI-ASN1|EU|23.67.242.81
20940|AKAMAI-ASN1|EU|23.33.84.46
20940|AKAMAI-ASN1|EU|23.67.243.40
20940|AKAMAI-ASN1|EU|23.33.94.91
20940|AKAMAI-ASN1|EU|209.107.209.50
20940|AKAMAI-ASN1|EU|23.45.65.41
20940|AKAMAI-ASN1|EU|23.67.243.64
20940|AKAMAI-ASN1|EU|23.45.65.10
20940|AKAMAI-ASN1|EU|23.67.243.35
20940|AKAMAI-ASN1|EU|23.67.242.66
20940|AKAMAI-ASN1|EU|23.60.159.231
20940|AKAMAI-ASN1|EU|23.67.243.91
20940|AKAMAI-ASN1|EU|23.67.242.10
20940|AKAMAI-ASN1|EU|23.45.65.19
20940|AKAMAI-ASN1|EU|23.61.0.81
20940|AKAMAI-ASN1|EU|23.67.243.66
20940|AKAMAI-ASN1|EU|23.62.164.136
20940|AKAMAI-ASN1|EU|23.45.65.26
21534|AS21534|US|128.177.36.78
21534|AS21534|US|128.177.36.72
21534|AS21534|US|128.177.36.73
21777|MASSIVE-NETWORKS|US|204.144.141.26
21866|GOTO-OFFICES|US|202.173.25.200
22773|ASN-CXA-ALL-CCI-22773-RDC|US|174.65.136.31
22773|ASN-CXA-ALL-CCI-22773-RDC|US|174.67.109.47
22773|ASN-CXA-ALL-CCI-22773-RDC|US|68.9.194.237
22773|ASN-CXA-ALL-CCI-22773-RDC|US|70.184.144.100
22822|LLNW|US|208.111.160.6
22822|LLNW|US|208.111.135.60
22822|LLNW|US|69.28.187.188
22822|LLNW|US|68.142.108.128
22822|LLNW|US|208.111.161.254
22822|LLNW|US|69.164.34.128
22822|LLNW|US|69.28.187.152
23148|TERRENAP|US|66.165.187.74
23148|TERRENAP|US|69.42.109.196
23342|UNITEDLAYER|US|67.221.174.64
23342|UNITEDLAYER|US|67.221.174.61
23352|SERVERCENTRAL|US|204.93.223.148
23352|SERVERCENTRAL|US|205.234.225.216
23352|SERVERCENTRAL|US|204.93.223.146
23352|SERVERCENTRAL|US|205.234.225.137
23352|SERVERCENTRAL|US|205.234.225.224
23352|SERVERCENTRAL|US|216.246.14.25
23352|SERVERCENTRAL|US|216.246.75.64
23498|CDSI|CA|204.9.163.200
24183|DTS-ISP-CORE1-AP DTS LTD|NZ|202.68.93.36
24481|CONNECTBD-AS ConnectBD Ltd. Internet Service provider, House # 41, Road1/A, BlockI, Banani, Dhaka|BD|202.79.18.77
24560|AIRTELBROADBAND-AS-AP Bharti Airtel Ltd., Telemedia Services|IN|122.161.67.119
25751|VALUECLICK|US|8.18.45.81
25751|VALUECLICK|US|8.18.45.80
26101|YAHOO-BF1|US|98.139.240.23
26101|YAHOO-BF1|US|98.139.225.42
26101|YAHOO-BF1|US|98.139.200.238
26101|YAHOO-BF1|US|98.139.225.43
26101|YAHOO-BF1|US|98.139.161.29
26101|YAHOO-BF1|US|67.195.187.214
26101|YAHOO-BF1|US|76.13.115.116
26101|YAHOO-BF1|US|67.195.187.234
26101|YAHOO-BF1|US|98.139.240.22
26101|YAHOO-BF1|US|98.139.183.24
26101|YAHOO-BF1|US|98.139.134.187
26101|YAHOO-BF1|US|76.13.6.174
26101|YAHOO-BF1|US|98.139.225.13
26101|YAHOO-BF1|US|76.13.116.133
26228|SERVEPATH|US|173.204.234.153
26228|SERVEPATH|US|173.204.219.5
26228|SERVEPATH|US|74.3.237.155
26228|SERVEPATH|US|74.3.237.146
26228|SERVEPATH|US|69.59.149.117
26496|AS-26496-GO-DADDY-COM-LLC|US|184.168.192.63
26496|AS-26496-GO-DADDY-COM-LLC|US|208.109.4.201
26496|AS-26496-GO-DADDY-COM-LLC|US|173.201.252.207
26558|FREEWHEEL|US|63.251.28.128
26914|SYNOPTEK|US|108.59.243.194
26914|SYNOPTEK|US|108.59.243.196
26914|SYNOPTEK|US|108.59.243.202
26934|UNIVERSITY-OF-MISSOURI---COLUMBIA|US|161.130.158.160
27357|RACKSPACE|US|69.20.31.45
27357|RACKSPACE|US|204.232.250.57
27357|RACKSPACE|US|204.232.250.59
27357|RACKSPACE|US|74.205.17.67
27357|RACKSPACE|US|204.232.250.219
27552|TWDX|US|208.118.234.120
28573|CLARO S.A.|BR|189.101.221.170
29791|VOXEL-DOT-NET|US|107.6.106.10
29791|VOXEL-DOT-NET|US|74.63.52.167
29791|VOXEL-DOT-NET|US|74.63.51.79
29791|VOXEL-DOT-NET|US|74.63.41.218
29838|AMC|US|204.145.89.40
29944|LATISYS-ASHBURN|US|67.217.177.126
29944|LATISYS-ASHBURN|US|67.217.177.187
29944|LATISYS-ASHBURN|US|67.217.177.93
29944|LATISYS-ASHBURN|US|67.217.177.125
29990|ASN-APPNEX|US|64.208.138.248
29990|ASN-APPNEX|US|204.13.194.136
29990|ASN-APPNEX|US|68.67.159.186
29990|ASN-APPNEX|US|68.67.159.201
29990|ASN-APPNEX|US|64.208.138.117
29990|ASN-APPNEX|US|64.208.138.113
29990|ASN-APPNEX|US|68.67.159.147
29990|ASN-APPNEX|US|64.208.138.245
29990|ASN-APPNEX|US|64.208.138.176
29990|ASN-APPNEX|US|64.208.138.174
29990|ASN-APPNEX|US|204.13.194.137
29990|ASN-APPNEX|US|64.208.138.244
29990|ASN-APPNEX|US|68.67.159.235
29990|ASN-APPNEX|US|68.67.159.224
29990|ASN-APPNEX|US|64.208.138.143
29990|ASN-APPNEX|US|204.13.194.191
29990|ASN-APPNEX|US|64.208.138.101
29990|ASN-APPNEX|US|64.208.138.118
30036|MEDIACOM-ENTERPRISE-BUSINESS|US|173.22.42.240
30176|AS-PRIORITYCOLO|CA|204.11.51.34
30282|AS-INAPCDN-OCY|US|64.74.80.187
30282|AS-INAPCDN-OCY|US|64.74.80.188
30282|AS-INAPCDN-OCY|US|64.74.80.15
30282|AS-INAPCDN-OCY|US|64.74.80.244
30282|AS-INAPCDN-OCY|US|64.74.80.185
30282|AS-INAPCDN-OCY|US|64.74.80.70
30419|MEDIAMATH-INC|US|74.121.139.112
32286|TRIPADVISOR|US|199.102.234.31
32400|HWSERVICES-32400|US|216.185.152.144
32400|HWSERVICES-32400|US|216.185.152.111
32432|COFAN|US|69.43.114.2
32489|AMANAHA-NEW|CA|184.75.210.3
32726|LIBERTY|US|208.95.51.166
32748|STEADFAST|US|67.202.66.161
32748|STEADFAST|US|67.202.66.205
32748|STEADFAST|US|67.202.66.179
32748|STEADFAST|US|67.202.66.160
32748|STEADFAST|US|208.117.46.102
32787|PROLEXIC-TECHNOLOGIES-DDOS-MITIGATION-NETWORK|US|23.32.180.174
32787|PROLEXIC-TECHNOLOGIES-DDOS-MITIGATION-NETWORK|US|72.52.5.192
32787|PROLEXIC-TECHNOLOGIES-DDOS-MITIGATION-NETWORK|US|23.32.180.136
32880|WEST-IP-COMMUNICATIONS|US|72.1.65.180
32934|FACEBOOK|US|69.171.246.17
32934|FACEBOOK|US|173.252.110.27
32934|FACEBOOK|US|31.13.74.10
32934|FACEBOOK|US|69.171.248.16
32934|FACEBOOK|US|69.171.235.16
32934|FACEBOOK|US|173.252.100.27
32934|FACEBOOK|US|69.171.241.10
32934|FACEBOOK|US|66.220.152.19
32934|FACEBOOK|US|31.13.77.42
32934|FACEBOOK|US|31.13.77.58
32934|FACEBOOK|US|69.171.246.16
32934|FACEBOOK|US|173.252.71.6
32934|FACEBOOK|US|31.13.73.26
32934|FACEBOOK|US|31.13.74.7
33070|RMH-14|US|72.32.11.141
33070|RMH-14|US|72.32.20.57
33070|RMH-14|US|74.205.80.2
33070|RMH-14|US|72.233.61.123
33070|RMH-14|US|173.203.215.84
33070|RMH-14|US|204.232.200.90
33070|RMH-14|US|204.232.201.76
33070|RMH-14|US|98.129.93.186
33070|RMH-14|US|72.32.20.62
33070|RMH-14|US|72.233.61.125
33070|RMH-14|US|98.129.142.248
33070|RMH-14|US|74.205.116.37
33070|RMH-14|US|72.233.111.159
33070|RMH-14|US|72.32.20.63
33070|RMH-14|US|72.233.127.217
33182|DIMENOC|US|98.142.99.171
33363|BHN-33363|US|97.104.102.121
33419|TRIBAL-FUSION|US|204.11.109.61
33438|HIGHWINDS2|US|108.161.187.32
33517|DYNDNS|US|216.146.36.240
33517|DYNDNS|US|216.146.35.240
33588|BRESNAN-33588|US|69.146.143.158
33739|MYSPACE|US|63.135.90.139
33739|MYSPACE|US|63.135.90.138
33915|TNF-AS|NL|83.83.155.70
34164|AKAMAI-LON|GB|23.62.104.251
34164|AKAMAI-LON|GB|23.62.105.87
34164|AKAMAI-LON|GB|23.62.105.231
35838|CCANET|GB|178.255.83.1
35994|AKAMAI-AS|US|23.33.83.167
35994|AKAMAI-AS|US|23.33.82.110
35994|AKAMAI-AS|US|23.32.181.109
35994|AKAMAI-AS|US|23.46.17.231
35994|AKAMAI-AS|US|23.33.91.46
35994|AKAMAI-AS|US|23.66.230.80
35994|AKAMAI-AS|US|23.46.17.144
35994|AKAMAI-AS|US|23.33.93.95
35994|AKAMAI-AS|US|23.33.91.120
35994|AKAMAI-AS|US|23.33.83.78
35994|AKAMAI-AS|US|23.33.83.243
36062|DOUBLE-VERIFY|US|204.154.111.33
36351|SOFTLAYER|US|67.228.168.217
36351|SOFTLAYER|US|174.37.29.147
36351|SOFTLAYER|US|174.36.244.134
36351|SOFTLAYER|US|67.228.30.242
36351|SOFTLAYER|US|173.193.216.81
36351|SOFTLAYER|US|184.172.28.153
36351|SOFTLAYER|US|75.125.82.68
36351|SOFTLAYER|US|173.192.42.178
36351|SOFTLAYER|US|173.193.240.138
36351|SOFTLAYER|US|184.172.28.158
36351|SOFTLAYER|US|184.172.28.156
36351|SOFTLAYER|US|108.168.142.94
36351|SOFTLAYER|US|208.43.249.2
36351|SOFTLAYER|US|75.126.109.194
36351|SOFTLAYER|US|173.192.42.179
36351|SOFTLAYER|US|173.192.115.20
36351|SOFTLAYER|US|67.228.168.221
36351|SOFTLAYER|US|173.192.208.195
36351|SOFTLAYER|US|174.37.29.148
36351|SOFTLAYER|US|108.168.241.135
36351|SOFTLAYER|US|50.97.242.226
36351|SOFTLAYER|US|174.37.236.20
36351|SOFTLAYER|US|184.173.89.4
36351|SOFTLAYER|US|173.192.61.230
36351|SOFTLAYER|US|173.192.61.226
36351|SOFTLAYER|US|184.173.190.13
36351|SOFTLAYER|US|184.173.189.190
36351|SOFTLAYER|US|174.36.237.101
36351|SOFTLAYER|US|50.22.198.102
36351|SOFTLAYER|US|67.228.168.216
36351|SOFTLAYER|US|67.228.244.117
36351|SOFTLAYER|US|75.126.58.194
36351|SOFTLAYER|US|108.168.136.156
36351|SOFTLAYER|US|64.5.35.24
36646|YAHOO-NE1|US|98.138.19.88
36646|YAHOO-NE1|US|98.137.80.33
36646|YAHOO-NE1|US|98.138.49.43
36646|YAHOO-NE1|US|98.137.80.31
36646|YAHOO-NE1|US|98.138.47.199
36646|YAHOO-NE1|US|98.137.80.54
36647|YAHOO-GQ1|US|216.39.54.36
38477|SOLARIX-NZ Solarix Networks Limited|NZ|116.90.133.49
39122|BLACKNIGHT-AS|IE|81.17.254.12
39651|COMHEM-SWEDEN|SE|80.216.214.203
40034|CONFLUENCE-NETWORK-INC|VG|50.58.197.194
40402|LITHIUM|US|208.74.204.95
40428|PANDORA-EQX-SJL|US|208.85.40.20
40428|PANDORA-EQX-SJL|US|208.85.46.33
40428|PANDORA-EQX-SJL|US|208.85.40.50
40428|PANDORA-EQX-SJL|US|208.85.41.43
40428|PANDORA-EQX-SJL|US|208.85.42.33
41041|VCLK-EU-|SE|63.215.202.6
43515|YOUTUBE YOUTUBE|IE|208.117.233.13
45459|WEB-DRIVE-NZ-AS-AP Web Drive Limited|NZ|119.47.118.78
46589|COREMETRICS-1|US|74.121.134.156
46589|COREMETRICS-1|US|74.121.134.211
46790|PHS-WA|US|170.173.0.16
46925|PAVLOVMEDIA-SE|US|50.30.152.70
53590|ROSETTASTONE|US|199.27.208.32
53590|ROSETTASTONE|US|199.27.208.19
53590|ROSETTASTONE|US|199.27.208.20
53590|ROSETTASTONE|US|199.27.208.55
54021|FIXFLYER1|US|66.150.102.78
54113|FASTLY|US|199.27.74.193
54113|FASTLY|US|199.27.72.130
54312|ROCKETFUEL|US|199.38.164.155
54312|ROCKETFUEL|US|199.38.164.156
54986|FLOWERS|US|205.153.84.114
60781|LEASEWEB-NL-AMS-01 Netherlands|NL|95.211.37.195
63949|LINODE-AP Linode, LLC|US|173.255.204.239
63949|LINODE-AP Linode, LLC|US|198.74.58.38
63949|LINODE-AP Linode, LLC|US|66.175.215.85
63949|LINODE-AP Linode, LLC|US|66.175.214.5
63949|LINODE-AP Linode, LLC|US|69.164.199.102
397751|JAMESAVERY|US|216.38.162.167
397751|JAMESAVERY|US|216.38.163.167
14618|AMAZON-AES|US|107.20.232.185
29791|VOXEL-DOT-NET|US|107.6.108.66
701|UUNET|US|152.63.18.202
701|UUNET|US|152.63.21.214
0|-Reserved AS-|ZZ|172.16.124.105
0|-Reserved AS-|ZZ|172.16.128.254
0|-Reserved AS-|ZZ|172.16.133.198
0|-Reserved AS-|ZZ|172.16.133.241
0|-Reserved AS-|ZZ|172.16.133.246
0|-Reserved AS-|ZZ|172.16.133.7
0|-Reserved AS-|ZZ|172.16.133.70
0|-Reserved AS-|ZZ|172.16.133.86
0|-Reserved AS-|ZZ|172.16.133.9
7922|COMCAST-7922|US|173.167.57.126
7922|COMCAST-7922|US|173.167.57.6
7922|COMCAST-7922|US|173.167.58.22
16815|GOTO-PRIMARY-AS|US|173.199.63.77
26228|SERVEPATH|US|173.204.112.2
19994|RACKSPACE|US|184.106.126.129
19994|RACKSPACE|US|184.106.126.138
19994|RACKSPACE|US|184.106.126.57
26496|AS-26496-GO-DADDY-COM-LLC|US|184.168.0.113
19994|RACKSPACE|US|198.61.236.20
13414|TWITTER|US|199.59.148.10
14340|SALESFORCE|US|204.14.234.101
14340|SALESFORCE|US|204.14.237.121
701|UUNET|US|204.255.168.173
16509|AMAZON-02|US|205.251.245.53
6130|AIS-WEST|US|207.158.62.98
6130|AIS-WEST|US|207.158.63.150
22822|LLNW|US|208.111.176.2
29791|VOXEL-DOT-NET|US|208.122.44.210
3561|CENTURYLINK-LEGACY-SAVVIS|US|208.173.129.62
3561|CENTURYLINK-LEGACY-SAVVIS|US|208.173.138.13
26228|SERVEPATH|US|208.96.31.84
6130|AIS-WEST|US|209.112.253.1
6130|AIS-WEST|US|209.112.253.229
6539|GT-BELL|CA|209.139.215.129
6539|GT-BELL|CA|209.139.228.33
6539|GT-BELL|CA|209.139.228.61
15169|GOOGLE|US|209.85.249.11
15169|GOOGLE|US|209.85.252.242
15169|GOOGLE|US|209.85.252.250
15169|GOOGLE|US|209.85.255.68
32400|HWSERVICES-32400|US|216.139.253.126
32400|HWSERVICES-32400|US|216.139.253.66
32400|HWSERVICES-32400|US|216.139.253.77
6539|GT-BELL|CA|216.18.28.33
14618|AMAZON-AES|US|216.182.224.219
14618|AMAZON-AES|US|216.182.224.221
14618|AMAZON-AES|US|216.182.224.89
14618|AMAZON-AES|US|216.182.232.49
15169|GOOGLE|US|216.239.49.145
6130|AIS-WEST|US|216.240.171.62
13789|INTERNAP-BLK3|US|216.52.95.4
0|-Reserved AS-|ZZ|224.0.0.1
0|-Reserved AS-|ZZ|224.0.0.22
0|-Reserved AS-|ZZ|224.0.1.60
14618|AMAZON-AES|US|23.23.172.3
20940|AKAMAI-ASN1|EU|23.67.242.56
3356|LEVEL3|US|4.28.125.110
3356|LEVEL3|US|4.53.104.2
3356|LEVEL3|US|4.53.116.26
3356|LEVEL3|US|4.53.130.18
3356|LEVEL3|US|4.53.40.62
3356|LEVEL3|US|4.53.85.126
3356|LEVEL3|US|4.59.112.38
3356|LEVEL3|US|4.59.144.178
3356|LEVEL3|US|4.68.127.209
3356|LEVEL3|US|4.69.132.61
3356|LEVEL3|US|4.69.132.65
3356|LEVEL3|US|4.69.133.125
3356|LEVEL3|US|4.69.133.29
3356|LEVEL3|US|4.69.134.133
3356|LEVEL3|US|4.69.134.146
3356|LEVEL3|US|4.69.134.150
3356|LEVEL3|US|4.69.134.158
3356|LEVEL3|US|4.69.134.21
3356|LEVEL3|US|4.69.134.74
3356|LEVEL3|US|4.69.134.78
3356|LEVEL3|US|4.69.138.109
3356|LEVEL3|US|4.69.138.3
3356|LEVEL3|US|4.69.140.145
3356|LEVEL3|US|4.69.140.153
3356|LEVEL3|US|4.69.140.190
3356|LEVEL3|US|4.69.145.8
3356|LEVEL3|US|4.69.148.117
3356|LEVEL3|US|4.69.148.38
3356|LEVEL3|US|4.69.149.13
3356|LEVEL3|US|4.69.149.145
3356|LEVEL3|US|4.69.149.146
3356|LEVEL3|US|4.69.149.18
3356|LEVEL3|US|4.69.149.209
3356|LEVEL3|US|4.69.149.210
3356|LEVEL3|US|4.69.149.81
3356|LEVEL3|US|4.69.149.82
3356|LEVEL3|US|4.69.151.126
3356|LEVEL3|US|4.69.151.133
3356|LEVEL3|US|4.69.151.181
3356|LEVEL3|US|4.69.153.10
3356|LEVEL3|US|4.69.153.14
3356|LEVEL3|US|4.69.153.17
3356|LEVEL3|US|4.69.153.2
3356|LEVEL3|US|4.69.153.21
3356|LEVEL3|US|4.69.153.25
3356|LEVEL3|US|4.69.153.29
3356|LEVEL3|US|4.69.153.6
3356|LEVEL3|US|4.69.155.142
3356|LEVEL3|US|4.69.155.206
3356|LEVEL3|US|4.69.155.78
3356|LEVEL3|US|4.69.155.81
3356|LEVEL3|US|4.71.172.82
3356|LEVEL3|US|4.71.172.86
3356|LEVEL3|US|4.71.186.17
3356|LEVEL3|US|4.71.186.37
3356|LEVEL3|US|4.71.186.41
3356|LEVEL3|US|4.71.186.49
3356|LEVEL3|US|4.71.186.53
3356|LEVEL3|US|4.71.186.61
3356|LEVEL3|US|4.71.212.66
3356|LEVEL3|US|4.78.169.45
3356|LEVEL3|US|4.78.169.49
3356|LEVEL3|US|4.79.208.130
7922|COMCAST-7922|US|50.78.11.97
36351|SOFTLAYER|US|50.97.44.106
3491|BTN-ASN|US|63.218.9.1
3491|BTN-ASN|US|63.218.9.230
3491|BTN-ASN|US|63.218.9.42
6453|AS6453|US|63.243.128.45
13789|INTERNAP-BLK3|US|63.251.26.2
19406|TWRS-MA|US|64.119.157.98
6461|ZAYO-6461|US|64.124.51.229
6461|ZAYO-6461|US|64.125.12.209
6461|ZAYO-6461|US|64.125.25.41
6461|ZAYO-6461|US|64.125.27.66
6461|ZAYO-6461|US|64.125.29.41
29990|ASN-APPNEX|US|64.208.138.251
3549|LVLT-3549|US|64.214.141.254
6939|HURRICANE|US|64.62.229.2
22911|SINAP-TIX|US|64.79.157.38
10912|INTERNAP-BLK|US|64.94.107.48
8075|MICROSOFT-CORP-MSN-AS-BLOCK|US|65.54.81.136
23148|TERRENAP|US|66.165.161.46
0|-Reserved AS-|ZZ|66.196.116.162
7922|COMCAST-7922|US|66.208.228.122
15224|OMNITURE|US|66.235.139.118
15224|OMNITURE|US|66.235.155.19
29990|ASN-APPNEX|US|68.67.159.159
7922|COMCAST-7922|US|68.86.82.106
7922|COMCAST-7922|US|68.86.82.250
7922|COMCAST-7922|US|68.86.84.190
7922|COMCAST-7922|US|68.86.85.145
7922|COMCAST-7922|US|68.86.85.18
7922|COMCAST-7922|US|68.86.85.97
7922|COMCAST-7922|US|68.86.86.190
7922|COMCAST-7922|US|68.86.86.74
7922|COMCAST-7922|US|68.86.87.122
7922|COMCAST-7922|US|68.86.87.61
7922|COMCAST-7922|US|68.86.87.98
7922|COMCAST-7922|US|68.86.88.142
7922|COMCAST-7922|US|68.86.88.246
7922|COMCAST-7922|US|68.86.89.186
7922|COMCAST-7922|US|68.86.90.57
7922|COMCAST-7922|US|68.86.94.201
7922|COMCAST-7922|US|68.86.95.29
7922|COMCAST-7922|US|68.87.145.49
7922|COMCAST-7922|US|68.87.147.81
7922|COMCAST-7922|US|68.87.152.189
22822|LLNW|US|69.28.171.117
22822|LLNW|US|69.28.172.198
22822|LLNW|US|69.28.172.77
22822|LLNW|US|69.28.172.85
3257|GTT-BACKBONE GTT|DE|69.31.110.242
3257|GTT-BACKBONE GTT|DE|69.31.110.250
3257|GTT-BACKBONE GTT|DE|69.31.111.133
15169|GOOGLE|US|72.14.232.21
15169|GOOGLE|US|72.14.238.16
15169|GOOGLE|US|72.14.238.18
15169|GOOGLE|US|72.14.238.232
15169|GOOGLE|US|72.14.239.93
16509|AMAZON-02|US|72.21.220.125
16509|AMAZON-02|US|72.21.220.127
16509|AMAZON-02|US|72.21.220.143
16509|AMAZON-02|US|72.21.222.147
16509|AMAZON-02|US|72.21.222.157
0|-Reserved AS-|ZZ|74.112.144.133
0|-Reserved AS-|ZZ|74.121.142.247
0|-Reserved AS-|ZZ|76.13.232.33
